-- phpMyAdmin SQL Dump
-- version 5.2.1
-- https://www.phpmyadmin.net/
--
-- Máy chủ: 127.0.0.1
-- Thời gian đã tạo: Th12 29, 2024 lúc 12:27 PM
-- Phiên bản máy phục vụ: 10.4.32-MariaDB
-- Phiên bản PHP: 8.0.30

SET SQL_MODE = "NO_AUTO_VALUE_ON_ZERO";
START TRANSACTION;
SET time_zone = "+00:00";


/*!40101 SET @OLD_CHARACTER_SET_CLIENT=@@CHARACTER_SET_CLIENT */;
/*!40101 SET @OLD_CHARACTER_SET_RESULTS=@@CHARACTER_SET_RESULTS */;
/*!40101 SET @OLD_COLLATION_CONNECTION=@@COLLATION_CONNECTION */;
/*!40101 SET NAMES utf8mb4 */;

--
-- Cơ sở dữ liệu: `genix`
--

-- --------------------------------------------------------

--
-- Cấu trúc bảng cho bảng `bosuutap`
--

CREATE TABLE `bosuutap` (
  `id_bosuutap` int(11) NOT NULL,
  `ten_bosuutap` varchar(255) NOT NULL,
  `mo_ta` text DEFAULT NULL
) ENGINE=InnoDB DEFAULT CHARSET=utf8mb4 COLLATE=utf8mb4_general_ci;

--
-- Đang đổ dữ liệu cho bảng `bosuutap`
--

INSERT INTO `bosuutap` (`id_bosuutap`, `ten_bosuutap`, `mo_ta`) VALUES
(1, 'Mùa Xuân', 'Bộ sưu tập mùa xuân với thiết kế tươi sáng.'),
(2, 'Mùa Hạ', 'Bộ sưu tập mùa hạ với phong cách thoải mái.'),
(3, 'Mùa Thu', 'Bộ sưu tập mùa thu với màu sắc ấm áp.'),
(4, 'Mùa Đông', 'Bộ sưu tập mùa đông với phong cách giữ ấm.'),
(5, 'Áo Khoác xinh', 'Bộ Sưu Tập áo khoác mùa đông Quảng Châu');

-- --------------------------------------------------------

--
-- Cấu trúc bảng cho bảng `giohang`
--

CREATE TABLE `giohang` (
  `id_giohang` int(11) NOT NULL,
  `id_sanpham` int(11) NOT NULL,
  `soluong` int(11) NOT NULL,
  `dongia` int(11) NOT NULL
) ENGINE=InnoDB DEFAULT CHARSET=utf8mb4 COLLATE=utf8mb4_general_ci;

--
-- Đang đổ dữ liệu cho bảng `giohang`
--

INSERT INTO `giohang` (`id_giohang`, `id_sanpham`, `soluong`, `dongia`) VALUES
(3, 1, 7, 1000),
(7, 2, 1, 1000),
(8, 10, 1, 500000);

-- --------------------------------------------------------

--
-- Cấu trúc bảng cho bảng `sanpham`
--

CREATE TABLE `sanpham` (
  `id_sanpham` int(11) NOT NULL,
  `ten_sanpham` varchar(255) NOT NULL,
  `gia` double NOT NULL,
  `mo_ta` text NOT NULL,
  `hinh_anh` varchar(500) DEFAULT NULL
) ENGINE=InnoDB DEFAULT CHARSET=utf8mb4 COLLATE=utf8mb4_general_ci;

--
-- Đang đổ dữ liệu cho bảng `sanpham`
--

INSERT INTO `sanpham` (`id_sanpham`, `ten_sanpham`, `gia`, `mo_ta`, `hinh_anh`) VALUES
(1, 'Noel đỏ cổ chéo', 756000, 'Kích Cỡ :  \r\n🌹S Từ 40kg Đến 45kg \r\n🌹M Từ 45kg Đến 50kg\r\n🌹L Từ 50kg Đến 55kg \r\n🌹XL Từ 55kg Đến 60kg \r\n🌹2XL Từ 60kg Đến 65kg\r\n\r\nThương Hiệu: Qianzi Qianya\r\nLoại Váy: Váy Chữ A\r\nChiều Dài Váy: Váy Dài Vừa\r\nChiều Dài Tay Áo: Dài Tay\r\nYếu Tố Phổ Biến: Màu Tinh Khiết, Khâu\r\nVải/Chất Liệu: Khác/Polyester (Sợi Polyester)\r\nHàm Lượng Thành Phần: 71% (Bao Gồm)-80% (Bao Gồm)\r\n☀️một Số Mặt Hàng Đặt Trước Có Hàng Sau 7 Ngày Đến 15 Ngày \r\n🔹 Quy Định Đổi Trả Hàng\r\n🔹 ♥️ Sản Phẩm Bị Lỗi Do Shop: Shop Có Trách Nhiệm 1 Đổi 1 Trong Vòng 03 Ngày Kể Từ Ngày Khách Nhận Được Hàng ( Sản Phẩm Còn Nguyên Tem Giá & Nhãn Mác ) ♥️ Chưa Qua Sử Dụng Giặt Ủi & Chỉnh Sửa. ♥️ Hãy Liên Hệ Với Shop Qua Mục Chat Trên Shopee Để Được Hướng Dẫn Về Phương Thức Đổi Hàng Và Xác Nhận Trường Hợp Đủ Điều Kiện Theo Chính Sách.', 'img1/op1.jpg'),
(2, 'Noel đỏ basic', 689000, 'Kích Cỡ :  \r\n🌹S Từ 40kg Đến 45kg \r\n🌹M Từ 45kg Đến 50kg\r\n🌹L Từ 50kg Đến 55kg \r\n🌹XL Từ 55kg Đến 60kg \r\n🌹2XL Từ 60kg Đến 65kg\r\n\r\nThương Hiệu: Qianzi Qianya\r\nLoại Váy: Váy Chữ A\r\nChiều Dài Váy: Váy Dài Vừa\r\nChiều Dài Tay Áo: Dài Tay\r\nYếu Tố Phổ Biến: Màu Tinh Khiết, Khâu\r\nVải/Chất Liệu: Khác/Polyester (Sợi Polyester)\r\nHàm Lượng Thành Phần: 71% (Bao Gồm)-80% (Bao Gồm)\r\n☀️một Số Mặt Hàng Đặt Trước Có Hàng Sau 7 Ngày Đến 15 Ngày \r\n🔹 Quy Định Đổi Trả Hàng\r\n🔹 ♥️ Sản Phẩm Bị Lỗi Do Shop: Shop Có Trách Nhiệm 1 Đổi 1 Trong Vòng 03 Ngày Kể Từ Ngày Khách Nhận Được Hàng ( Sản Phẩm Còn Nguyên Tem Giá & Nhãn Mác ) ♥️ Chưa Qua Sử Dụng Giặt Ủi & Chỉnh Sửa. ♥️ Hãy Liên Hệ Với Shop Qua Mục Chat Trên Shopee Để Được Hướng Dẫn Về Phương Thức Đổi Hàng Và Xác Nhận Trường Hợp Đủ Điều Kiện Theo Chính Sách.', 'img1/op2.jpg'),
(3, 'Noel đỏ dệt kim', 757000, 'Kích Cỡ :  \r\n🌹S Từ 40kg Đến 45kg \r\n🌹M Từ 45kg Đến 50kg\r\n🌹L Từ 50kg Đến 55kg \r\n🌹XL Từ 55kg Đến 60kg \r\n🌹2XL Từ 60kg Đến 65kg\r\n\r\nThương Hiệu: Qianzi Qianya\r\nLoại Váy: Váy Chữ A\r\nChiều Dài Váy: Váy Dài Vừa\r\nChiều Dài Tay Áo: Dài Tay\r\nYếu Tố Phổ Biến: Màu Tinh Khiết, Khâu\r\nVải/Chất Liệu: Khác/Polyester (Sợi Polyester)\r\nHàm Lượng Thành Phần: 71% (Bao Gồm)-80% (Bao Gồm)\r\n☀️một Số Mặt Hàng Đặt Trước Có Hàng Sau 7 Ngày Đến 15 Ngày \r\n🔹 Quy Định Đổi Trả Hàng\r\n🔹 ♥️ Sản Phẩm Bị Lỗi Do Shop: Shop Có Trách Nhiệm 1 Đổi 1 Trong Vòng 03 Ngày Kể Từ Ngày Khách Nhận Được Hàng ( Sản Phẩm Còn Nguyên Tem Giá & Nhãn Mác ) ♥️ Chưa Qua Sử Dụng Giặt Ủi & Chỉnh Sửa. ♥️ Hãy Liên Hệ Với Shop Qua Mục Chat Trên Shopee Để Được Hướng Dẫn Về Phương Thức Đổi Hàng Và Xác Nhận Trường Hợp Đủ Điều Kiện Theo Chính Sách.', 'img1/op3.jpg'),
(4, 'Noel sơ mi đỏ', 590000, 'Kích Cỡ :  \r\n🌹S Từ 40kg Đến 45kg \r\n🌹M Từ 45kg Đến 50kg\r\n🌹L Từ 50kg Đến 55kg \r\n🌹XL Từ 55kg Đến 60kg \r\n🌹2XL Từ 60kg Đến 65kg\r\n\r\nThương Hiệu: Qianzi Qianya\r\nLoại Váy: Váy Chữ A\r\nChiều Dài Váy: Váy Dài Vừa\r\nChiều Dài Tay Áo: Dài Tay\r\nYếu Tố Phổ Biến: Màu Tinh Khiết, Khâu\r\nVải/Chất Liệu: Khác/Polyester (Sợi Polyester)\r\nHàm Lượng Thành Phần: 71% (Bao Gồm)-80% (Bao Gồm)\r\n☀️một Số Mặt Hàng Đặt Trước Có Hàng Sau 7 Ngày Đến 15 Ngày \r\n🔹 Quy Định Đổi Trả Hàng\r\n🔹 ♥️ Sản Phẩm Bị Lỗi Do Shop: Shop Có Trách Nhiệm 1 Đổi 1 Trong Vòng 03 Ngày Kể Từ Ngày Khách Nhận Được Hàng ( Sản Phẩm Còn Nguyên Tem Giá & Nhãn Mác ) ♥️ Chưa Qua Sử Dụng Giặt Ủi & Chỉnh Sửa. ♥️ Hãy Liên Hệ Với Shop Qua Mục Chat Trên Shopee Để Được Hướng Dẫn Về Phương Thức Đổi Hàng Và Xác Nhận Trường Hợp Đủ Điều Kiện Theo Chính Sách.', 'img1/op4.jpg'),
(5, 'Noel đỏ cổ nơ', 634000, 'Kích Cỡ :  \r\n🌹S Từ 40kg Đến 45kg \r\n🌹M Từ 45kg Đến 50kg\r\n🌹L Từ 50kg Đến 55kg \r\n🌹XL Từ 55kg Đến 60kg \r\n🌹2XL Từ 60kg Đến 65kg\r\n\r\nThương Hiệu: Qianzi Qianya\r\nLoại Váy: Váy Chữ A\r\nChiều Dài Váy: Váy Dài Vừa\r\nChiều Dài Tay Áo: Dài Tay\r\nYếu Tố Phổ Biến: Màu Tinh Khiết, Khâu\r\nVải/Chất Liệu: Khác/Polyester (Sợi Polyester)\r\nHàm Lượng Thành Phần: 71% (Bao Gồm)-80% (Bao Gồm)\r\n☀️một Số Mặt Hàng Đặt Trước Có Hàng Sau 7 Ngày Đến 15 Ngày \r\n🔹 Quy Định Đổi Trả Hàng\r\n🔹 ♥️ Sản Phẩm Bị Lỗi Do Shop: Shop Có Trách Nhiệm 1 Đổi 1 Trong Vòng 03 Ngày Kể Từ Ngày Khách Nhận Được Hàng ( Sản Phẩm Còn Nguyên Tem Giá & Nhãn Mác ) ♥️ Chưa Qua Sử Dụng Giặt Ủi & Chỉnh Sửa. ♥️ Hãy Liên Hệ Với Shop Qua Mục Chat Trên Shopee Để Được Hướng Dẫn Về Phương Thức Đổi Hàng Và Xác Nhận Trường Hợp Đủ Điều Kiện Theo Chính Sách.', 'img1/op5.jpg'),
(6, 'Noel đỏ váy dài', 860000, 'Kích Cỡ :  \r\n🌹S Từ 40kg Đến 45kg \r\n🌹M Từ 45kg Đến 50kg\r\n🌹L Từ 50kg Đến 55kg \r\n🌹XL Từ 55kg Đến 60kg \r\n🌹2XL Từ 60kg Đến 65kg\r\n\r\nThương Hiệu: Qianzi Qianya\r\nLoại Váy: Váy Chữ A\r\nChiều Dài Váy: Váy Dài Vừa\r\nChiều Dài Tay Áo: Dài Tay\r\nYếu Tố Phổ Biến: Màu Tinh Khiết, Khâu\r\nVải/Chất Liệu: Khác/Polyester (Sợi Polyester)\r\nHàm Lượng Thành Phần: 71% (Bao Gồm)-80% (Bao Gồm)\r\n☀️một Số Mặt Hàng Đặt Trước Có Hàng Sau 7 Ngày Đến 15 Ngày \r\n🔹 Quy Định Đổi Trả Hàng\r\n🔹 ♥️ Sản Phẩm Bị Lỗi Do Shop: Shop Có Trách Nhiệm 1 Đổi 1 Trong Vòng 03 Ngày Kể Từ Ngày Khách Nhận Được Hàng ( Sản Phẩm Còn Nguyên Tem Giá & Nhãn Mác ) ♥️ Chưa Qua Sử Dụng Giặt Ủi & Chỉnh Sửa. ♥️ Hãy Liên Hệ Với Shop Qua Mục Chat Trên Shopee Để Được Hướng Dẫn Về Phương Thức Đổi Hàng Và Xác Nhận Trường Hợp Đủ Điều Kiện Theo Chính Sách.', 'img1/op6.jpg'),
(7, 'Noel dây quả', 698000, 'Kích Cỡ :  \r\n🌹S Từ 40kg Đến 45kg \r\n🌹M Từ 45kg Đến 50kg\r\n🌹L Từ 50kg Đến 55kg \r\n🌹XL Từ 55kg Đến 60kg \r\n🌹2XL Từ 60kg Đến 65kg\r\n\r\nThương Hiệu: Qianzi Qianya\r\nLoại Váy: Váy Chữ A\r\nChiều Dài Váy: Váy Dài Vừa\r\nChiều Dài Tay Áo: Dài Tay\r\nYếu Tố Phổ Biến: Màu Tinh Khiết, Khâu\r\nVải/Chất Liệu: Khác/Polyester (Sợi Polyester)\r\nHàm Lượng Thành Phần: 71% (Bao Gồm)-80% (Bao Gồm)\r\n☀️một Số Mặt Hàng Đặt Trước Có Hàng Sau 7 Ngày Đến 15 Ngày \r\n🔹 Quy Định Đổi Trả Hàng\r\n🔹 ♥️ Sản Phẩm Bị Lỗi Do Shop: Shop Có Trách Nhiệm 1 Đổi 1 Trong Vòng 03 Ngày Kể Từ Ngày Khách Nhận Được Hàng ( Sản Phẩm Còn Nguyên Tem Giá & Nhãn Mác ) ♥️ Chưa Qua Sử Dụng Giặt Ủi & Chỉnh Sửa. ♥️ Hãy Liên Hệ Với Shop Qua Mục Chat Trên Shopee Để Được Hướng Dẫn Về Phương Thức Đổi Hàng Và Xác Nhận Trường Hợp Đủ Điều Kiện Theo Chính Sách.', 'img1/op7.jpg'),
(8, 'Noel trắng', 596000, 'Kích Cỡ :  \r\n🌹S Từ 40kg Đến 45kg \r\n🌹M Từ 45kg Đến 50kg\r\n🌹L Từ 50kg Đến 55kg \r\n🌹XL Từ 55kg Đến 60kg \r\n🌹2XL Từ 60kg Đến 65kg\r\n\r\nThương Hiệu: Qianzi Qianya\r\nLoại Váy: Váy Chữ A\r\nChiều Dài Váy: Váy Dài Vừa\r\nChiều Dài Tay Áo: Dài Tay\r\nYếu Tố Phổ Biến: Màu Tinh Khiết, Khâu\r\nVải/Chất Liệu: Khác/Polyester (Sợi Polyester)\r\nHàm Lượng Thành Phần: 71% (Bao Gồm)-80% (Bao Gồm)\r\n☀️một Số Mặt Hàng Đặt Trước Có Hàng Sau 7 Ngày Đến 15 Ngày \r\n🔹 Quy Định Đổi Trả Hàng\r\n🔹 ♥️ Sản Phẩm Bị Lỗi Do Shop: Shop Có Trách Nhiệm 1 Đổi 1 Trong Vòng 03 Ngày Kể Từ Ngày Khách Nhận Được Hàng ( Sản Phẩm Còn Nguyên Tem Giá & Nhãn Mác ) ♥️ Chưa Qua Sử Dụng Giặt Ủi & Chỉnh Sửa. ♥️ Hãy Liên Hệ Với Shop Qua Mục Chat Trên Shopee Để Được Hướng Dẫn Về Phương Thức Đổi Hàng Và Xác Nhận Trường Hợp Đủ Điều Kiện Theo Chính Sách.', 'img1/op8.jpg'),
(9, 'Áo len đỏ Noel', 498000, 'Kích Cỡ :  \r\n🌹S Từ 40kg Đến 45kg \r\n🌹M Từ 45kg Đến 50kg\r\n🌹L Từ 50kg Đến 55kg \r\n🌹XL Từ 55kg Đến 60kg \r\n🌹2XL Từ 60kg Đến 65kg\r\n\r\nThương Hiệu: Qianzi Qianya\r\nLoại Váy: Váy Chữ A\r\nChiều Dài Váy: Váy Dài Vừa\r\nChiều Dài Tay Áo: Dài Tay\r\nYếu Tố Phổ Biến: Màu Tinh Khiết, Khâu\r\nVải/Chất Liệu: Khác/Polyester (Sợi Polyester)\r\nHàm Lượng Thành Phần: 71% (Bao Gồm)-80% (Bao Gồm)\r\n☀️một Số Mặt Hàng Đặt Trước Có Hàng Sau 7 Ngày Đến 15 Ngày \r\n🔹 Quy Định Đổi Trả Hàng\r\n🔹 ♥️ Sản Phẩm Bị Lỗi Do Shop: Shop Có Trách Nhiệm 1 Đổi 1 Trong Vòng 03 Ngày Kể Từ Ngày Khách Nhận Được Hàng ( Sản Phẩm Còn Nguyên Tem Giá & Nhãn Mác ) ♥️ Chưa Qua Sử Dụng Giặt Ủi & Chỉnh Sửa. ♥️ Hãy Liên Hệ Với Shop Qua Mục Chat Trên Shopee Để Được Hướng Dẫn Về Phương Thức Đổi Hàng Và Xác Nhận Trường Hợp Đủ Điều Kiện Theo Chính Sách.', 'img1/op9.jpg'),
(10, 'Lucky box OrdGenix', 500000, '🔮 LUCKY BOX CỦA CHÚNG MÌNH CÓ GÌ?\r\n🎁🎄 Hộp quà bất ngờ cho bé yêu: Những món quà ngẫu nhiên đáng yêu trong hộp lucky box gồm 1 set đồ Noel ngẫu nhiên cùng thiệp, kẹp tóc đến huy hiệu noel xinh xắn, là lựa chọn hoàn hảo để các mẹ mang niềm vui bất ngờ đến cho bé yêu mùa Giáng sinh này. \r\n🎁🎄Các mẫu set tại OrdGenix vô cùng xinh xắn, đáng yêu mà dịu dàng. Sản phẩm của OrdGenix giúp các nàng toát lên vẻ nữ tính, dịu dàng mà đầy tươi mới, gửi tặng các nàng set trong bộ sưu tập Noel mới tại nhà Ord nhé.\r\n🎁🎄 Thiệp chúc mừng Giáng sinh dễ thương: Bộ thiệp với thiết kế ngộ nghĩnh, màu sắc tươi sáng, kèm lời chúc ý nghĩa – một món quà nhỏ nhưng đầy ấm áp để gửi gắm yêu thương mùa Noel.\r\n🎁🎄 Huy hiệu noel ngộ nghĩnh: Huy hiệu đủ mẫu Santa, tuần lộc và người tuyết, cho bé thỏa sức sáng tạo khi trang trí túi xách, áo hoặc quà Giáng sinh.\r\n🎁🎄 Phụ kiện phát sáng Giáng sinh: Đèn mini với nhiều hình dáng đáng yêu, mang ánh sáng lung linh tô điểm không khí lễ hội cho mọi không gian.\r\n🎁🎄 Kẹp tóc chủ đề Noel: Những chiếc kẹp tóc dễ thương với hình Santa, cây thông và chuông nhỏ – món phụ kiện không thể thiếu để bé rạng rỡ hơn trong mùa Giáng sinh.\r\n🎁🎄 Keo dán Giáng sinh cho bé sáng tạo: Keo dán với họa tiết lễ hội, giúp bé thỏa sức làm thủ công, viết thiệp hoặc trang trí quà tặng.\r\n🎁🎄 Bao lì xì Noel đáng yêu: Bộ bao lì xì nhiều mẫu siêu dễ thương, hoàn hảo để tặng kèm lời chúc nhỏ xinh trong mùa lễ.\r\nVà trong lucky box sẽ có những món quà khác...\r\n', 'img1/box.jpg'),
(11, 'Noel đầm cúp', 789000, 'Kích Cỡ :  \r\n🌹S Từ 40kg Đến 45kg \r\n🌹M Từ 45kg Đến 50kg\r\n🌹L Từ 50kg Đến 55kg \r\n🌹XL Từ 55kg Đến 60kg \r\n🌹2XL Từ 60kg Đến 65kg\r\n\r\nThương Hiệu: Qianzi Qianya\r\nLoại Váy: Váy Chữ A\r\nChiều Dài Váy: Váy Dài Vừa\r\nChiều Dài Tay Áo: Dài Tay\r\nYếu Tố Phổ Biến: Màu Tinh Khiết, Khâu\r\nVải/Chất Liệu: Khác/Polyester (Sợi Polyester)\r\nHàm Lượng Thành Phần: 71% (Bao Gồm)-80% (Bao Gồm)\r\n☀️một Số Mặt Hàng Đặt Trước Có Hàng Sau 7 Ngày Đến 15 Ngày \r\n🔹 Quy Định Đổi Trả Hàng\r\n🔹 ♥️ Sản Phẩm Bị Lỗi Do Shop: Shop Có Trách Nhiệm 1 Đổi 1 Trong Vòng 03 Ngày Kể Từ Ngày Khách Nhận Được Hàng ( Sản Phẩm Còn Nguyên Tem Giá & Nhãn Mác ) ♥️ Chưa Qua Sử Dụng Giặt Ủi & Chỉnh Sửa. ♥️ Hãy Liên Hệ Với Shop Qua Mục Chat Trên Shopee Để Được Hướng Dẫn Về Phương Thức Đổi Hàng Và Xác Nhận Trường Hợp Đủ Điều Kiện Theo Chính Sách.', 'img1/op10.jpg');

-- --------------------------------------------------------

--
-- Cấu trúc bảng cho bảng `shop`
--

CREATE TABLE `shop` (
  `id_sanpham` int(11) NOT NULL,
  `ten_sanpham` varchar(255) NOT NULL,
  `gia` float NOT NULL,
  `mo_ta` text NOT NULL,
  `hinh_anh` varchar(500) NOT NULL,
  `id_bosuutap` int(11) DEFAULT NULL
) ENGINE=InnoDB DEFAULT CHARSET=utf8mb4 COLLATE=utf8mb4_general_ci;

--
-- Đang đổ dữ liệu cho bảng `shop`
--

INSERT INTO `shop` (`id_sanpham`, `ten_sanpham`, `gia`, `mo_ta`, `hinh_anh`, `id_bosuutap`) VALUES
(1, 'xuân 1', 590000, 'Kích Cỡ :  \r\n🌹S Từ 40kg Đến 45kg \r\n🌹M Từ 45kg Đến 50kg\r\n🌹L Từ 50kg Đến 55kg \r\n🌹XL Từ 55kg Đến 60kg \r\n🌹2XL Từ 60kg Đến 65kg\r\n\r\nThương Hiệu: Qianzi Qianya\r\nLoại Váy: Váy Chữ A\r\nChiều Dài Váy: Váy Dài Vừa\r\nChiều Dài Tay Áo: Dài Tay\r\nYếu Tố Phổ Biến: Màu Tinh Khiết, Khâu\r\nVải/Chất Liệu: Khác/Polyester (Sợi Polyester)\r\nHàm Lượng Thành Phần: 71% (Bao Gồm)-80% (Bao Gồm)\r\n☀️một Số Mặt Hàng Đặt Trước Có Hàng Sau 7 Ngày Đến 15 Ngày \r\n🔹 Quy Định Đổi Trả Hàng\r\n🔹 ♥️ Sản Phẩm Bị Lỗi Do Shop: Shop Có Trách Nhiệm 1 Đổi 1 Trong Vòng 03 Ngày Kể Từ Ngày Khách Nhận Được Hàng ( Sản Phẩm Còn Nguyên Tem Giá & Nhãn Mác ) ♥️ Chưa Qua Sử Dụng Giặt Ủi & Chỉnh Sửa. ♥️ Hãy Liên Hệ Với Shop Qua Mục Chat Trên Shopee Để Được Hướng Dẫn Về Phương Thức Đổi Hàng Và Xác Nhận Trường Hợp Đủ Điều Kiện Theo Chính Sách.', 'BST\\xuan1.jpg\"', 1),
(2, 'Xuân 2', 753000, 'Kích Cỡ :  \r\n🌹S Từ 40kg Đến 45kg \r\n🌹M Từ 45kg Đến 50kg\r\n🌹L Từ 50kg Đến 55kg \r\n🌹XL Từ 55kg Đến 60kg \r\n🌹2XL Từ 60kg Đến 65kg\r\n\r\nThương Hiệu: Qianzi Qianya\r\nLoại Váy: Váy Chữ A\r\nChiều Dài Váy: Váy Dài Vừa\r\nChiều Dài Tay Áo: Dài Tay\r\nYếu Tố Phổ Biến: Màu Tinh Khiết, Khâu\r\nVải/Chất Liệu: Khác/Polyester (Sợi Polyester)\r\nHàm Lượng Thành Phần: 71% (Bao Gồm)-80% (Bao Gồm)\r\n☀️một Số Mặt Hàng Đặt Trước Có Hàng Sau 7 Ngày Đến 15 Ngày \r\n🔹 Quy Định Đổi Trả Hàng\r\n🔹 ♥️ Sản Phẩm Bị Lỗi Do Shop: Shop Có Trách Nhiệm 1 Đổi 1 Trong Vòng 03 Ngày Kể Từ Ngày Khách Nhận Được Hàng ( Sản Phẩm Còn Nguyên Tem Giá & Nhãn Mác ) ♥️ Chưa Qua Sử Dụng Giặt Ủi & Chỉnh Sửa. ♥️ Hãy Liên Hệ Với Shop Qua Mục Chat Trên Shopee Để Được Hướng Dẫn Về Phương Thức Đổi Hàng Và Xác Nhận Trường Hợp Đủ Điều Kiện Theo Chính Sách.', 'BST\\xuan2.jpg', 1),
(3, 'xuân 3', 689000, 'Kích Cỡ :  \r\n🌹S Từ 40kg Đến 45kg \r\n🌹M Từ 45kg Đến 50kg\r\n🌹L Từ 50kg Đến 55kg \r\n🌹XL Từ 55kg Đến 60kg \r\n🌹2XL Từ 60kg Đến 65kg\r\n\r\nThương Hiệu: Qianzi Qianya\r\nLoại Váy: Váy Chữ A\r\nChiều Dài Váy: Váy Dài Vừa\r\nChiều Dài Tay Áo: Dài Tay\r\nYếu Tố Phổ Biến: Màu Tinh Khiết, Khâu\r\nVải/Chất Liệu: Khác/Polyester (Sợi Polyester)\r\nHàm Lượng Thành Phần: 71% (Bao Gồm)-80% (Bao Gồm)\r\n☀️một Số Mặt Hàng Đặt Trước Có Hàng Sau 7 Ngày Đến 15 Ngày \r\n🔹 Quy Định Đổi Trả Hàng\r\n🔹 ♥️ Sản Phẩm Bị Lỗi Do Shop: Shop Có Trách Nhiệm 1 Đổi 1 Trong Vòng 03 Ngày Kể Từ Ngày Khách Nhận Được Hàng ( Sản Phẩm Còn Nguyên Tem Giá & Nhãn Mác ) ♥️ Chưa Qua Sử Dụng Giặt Ủi & Chỉnh Sửa. ♥️ Hãy Liên Hệ Với Shop Qua Mục Chat Trên Shopee Để Được Hướng Dẫn Về Phương Thức Đổi Hàng Và Xác Nhận Trường Hợp Đủ Điều Kiện Theo Chính Sách.', 'BST\\xuan3.jpg', 1),
(4, 'xuân 4', 590000, 'Kích Cỡ :  \r\n🌹S Từ 40kg Đến 45kg \r\n🌹M Từ 45kg Đến 50kg\r\n🌹L Từ 50kg Đến 55kg \r\n🌹XL Từ 55kg Đến 60kg \r\n🌹2XL Từ 60kg Đến 65kg\r\n\r\nThương Hiệu: Qianzi Qianya\r\nLoại Váy: Váy Chữ A\r\nChiều Dài Váy: Váy Dài Vừa\r\nChiều Dài Tay Áo: Dài Tay\r\nYếu Tố Phổ Biến: Màu Tinh Khiết, Khâu\r\nVải/Chất Liệu: Khác/Polyester (Sợi Polyester)\r\nHàm Lượng Thành Phần: 71% (Bao Gồm)-80% (Bao Gồm)\r\n☀️một Số Mặt Hàng Đặt Trước Có Hàng Sau 7 Ngày Đến 15 Ngày \r\n🔹 Quy Định Đổi Trả Hàng\r\n🔹 ♥️ Sản Phẩm Bị Lỗi Do Shop: Shop Có Trách Nhiệm 1 Đổi 1 Trong Vòng 03 Ngày Kể Từ Ngày Khách Nhận Được Hàng ( Sản Phẩm Còn Nguyên Tem Giá & Nhãn Mác ) ♥️ Chưa Qua Sử Dụng Giặt Ủi & Chỉnh Sửa. ♥️ Hãy Liên Hệ Với Shop Qua Mục Chat Trên Shopee Để Được Hướng Dẫn Về Phương Thức Đổi Hàng Và Xác Nhận Trường Hợp Đủ Điều Kiện Theo Chính Sách.', 'BST\\xuan4.jpg', 1),
(5, 'xuân 5', 689000, 'Kích Cỡ :  \r\n🌹S Từ 40kg Đến 45kg \r\n🌹M Từ 45kg Đến 50kg\r\n🌹L Từ 50kg Đến 55kg \r\n🌹XL Từ 55kg Đến 60kg \r\n🌹2XL Từ 60kg Đến 65kg\r\n\r\nThương Hiệu: Qianzi Qianya\r\nLoại Váy: Váy Chữ A\r\nChiều Dài Váy: Váy Dài Vừa\r\nChiều Dài Tay Áo: Dài Tay\r\nYếu Tố Phổ Biến: Màu Tinh Khiết, Khâu\r\nVải/Chất Liệu: Khác/Polyester (Sợi Polyester)\r\nHàm Lượng Thành Phần: 71% (Bao Gồm)-80% (Bao Gồm)\r\n☀️một Số Mặt Hàng Đặt Trước Có Hàng Sau 7 Ngày Đến 15 Ngày \r\n🔹 Quy Định Đổi Trả Hàng\r\n🔹 ♥️ Sản Phẩm Bị Lỗi Do Shop: Shop Có Trách Nhiệm 1 Đổi 1 Trong Vòng 03 Ngày Kể Từ Ngày Khách Nhận Được Hàng ( Sản Phẩm Còn Nguyên Tem Giá & Nhãn Mác ) ♥️ Chưa Qua Sử Dụng Giặt Ủi & Chỉnh Sửa. ♥️ Hãy Liên Hệ Với Shop Qua Mục Chat Trên Shopee Để Được Hướng Dẫn Về Phương Thức Đổi Hàng Và Xác Nhận Trường Hợp Đủ Điều Kiện Theo Chính Sách.', 'BST\\xuan5.jpg', 1),
(6, 'xuân 6', 1000000, 'Kích Cỡ :  \r\n🌹S Từ 40kg Đến 45kg \r\n🌹M Từ 45kg Đến 50kg\r\n🌹L Từ 50kg Đến 55kg \r\n🌹XL Từ 55kg Đến 60kg \r\n🌹2XL Từ 60kg Đến 65kg\r\n\r\nThương Hiệu: Qianzi Qianya\r\nLoại Váy: Váy Chữ A\r\nChiều Dài Váy: Váy Dài Vừa\r\nChiều Dài Tay Áo: Dài Tay\r\nYếu Tố Phổ Biến: Màu Tinh Khiết, Khâu\r\nVải/Chất Liệu: Khác/Polyester (Sợi Polyester)\r\nHàm Lượng Thành Phần: 71% (Bao Gồm)-80% (Bao Gồm)\r\n☀️một Số Mặt Hàng Đặt Trước Có Hàng Sau 7 Ngày Đến 15 Ngày \r\n🔹 Quy Định Đổi Trả Hàng\r\n🔹 ♥️ Sản Phẩm Bị Lỗi Do Shop: Shop Có Trách Nhiệm 1 Đổi 1 Trong Vòng 03 Ngày Kể Từ Ngày Khách Nhận Được Hàng ( Sản Phẩm Còn Nguyên Tem Giá & Nhãn Mác ) ♥️ Chưa Qua Sử Dụng Giặt Ủi & Chỉnh Sửa. ♥️ Hãy Liên Hệ Với Shop Qua Mục Chat Trên Shopee Để Được Hướng Dẫn Về Phương Thức Đổi Hàng Và Xác Nhận Trường Hợp Đủ Điều Kiện Theo Chính Sách.', 'BST\\xuan6.jpg', 1),
(7, 'xuân 7', 1000000, 'Kích Cỡ :  \r\n🌹S Từ 40kg Đến 45kg \r\n🌹M Từ 45kg Đến 50kg\r\n🌹L Từ 50kg Đến 55kg \r\n🌹XL Từ 55kg Đến 60kg \r\n🌹2XL Từ 60kg Đến 65kg\r\n\r\nThương Hiệu: Qianzi Qianya\r\nLoại Váy: Váy Chữ A\r\nChiều Dài Váy: Váy Dài Vừa\r\nChiều Dài Tay Áo: Dài Tay\r\nYếu Tố Phổ Biến: Màu Tinh Khiết, Khâu\r\nVải/Chất Liệu: Khác/Polyester (Sợi Polyester)\r\nHàm Lượng Thành Phần: 71% (Bao Gồm)-80% (Bao Gồm)\r\n☀️một Số Mặt Hàng Đặt Trước Có Hàng Sau 7 Ngày Đến 15 Ngày \r\n🔹 Quy Định Đổi Trả Hàng\r\n🔹 ♥️ Sản Phẩm Bị Lỗi Do Shop: Shop Có Trách Nhiệm 1 Đổi 1 Trong Vòng 03 Ngày Kể Từ Ngày Khách Nhận Được Hàng ( Sản Phẩm Còn Nguyên Tem Giá & Nhãn Mác ) ♥️ Chưa Qua Sử Dụng Giặt Ủi & Chỉnh Sửa. ♥️ Hãy Liên Hệ Với Shop Qua Mục Chat Trên Shopee Để Được Hướng Dẫn Về Phương Thức Đổi Hàng Và Xác Nhận Trường Hợp Đủ Điều Kiện Theo Chính Sách.', 'BST\\xuan7.jpg', 1),
(8, 'xuân 8', 1000000, 'Kích Cỡ :  \r\n🌹S Từ 40kg Đến 45kg \r\n🌹M Từ 45kg Đến 50kg\r\n🌹L Từ 50kg Đến 55kg \r\n🌹XL Từ 55kg Đến 60kg \r\n🌹2XL Từ 60kg Đến 65kg\r\n\r\nThương Hiệu: Qianzi Qianya\r\nLoại Váy: Váy Chữ A\r\nChiều Dài Váy: Váy Dài Vừa\r\nChiều Dài Tay Áo: Dài Tay\r\nYếu Tố Phổ Biến: Màu Tinh Khiết, Khâu\r\nVải/Chất Liệu: Khác/Polyester (Sợi Polyester)\r\nHàm Lượng Thành Phần: 71% (Bao Gồm)-80% (Bao Gồm)\r\n☀️một Số Mặt Hàng Đặt Trước Có Hàng Sau 7 Ngày Đến 15 Ngày \r\n🔹 Quy Định Đổi Trả Hàng\r\n🔹 ♥️ Sản Phẩm Bị Lỗi Do Shop: Shop Có Trách Nhiệm 1 Đổi 1 Trong Vòng 03 Ngày Kể Từ Ngày Khách Nhận Được Hàng ( Sản Phẩm Còn Nguyên Tem Giá & Nhãn Mác ) ♥️ Chưa Qua Sử Dụng Giặt Ủi & Chỉnh Sửa. ♥️ Hãy Liên Hệ Với Shop Qua Mục Chat Trên Shopee Để Được Hướng Dẫn Về Phương Thức Đổi Hàng Và Xác Nhận Trường Hợp Đủ Điều Kiện Theo Chính Sách.', 'BST\\xuan8.jpg', 1),
(9, 'xuân 9', 1000000, 'Kích Cỡ :  \r\n🌹S Từ 40kg Đến 45kg \r\n🌹M Từ 45kg Đến 50kg\r\n🌹L Từ 50kg Đến 55kg \r\n🌹XL Từ 55kg Đến 60kg \r\n🌹2XL Từ 60kg Đến 65kg\r\n\r\nThương Hiệu: Qianzi Qianya\r\nLoại Váy: Váy Chữ A\r\nChiều Dài Váy: Váy Dài Vừa\r\nChiều Dài Tay Áo: Dài Tay\r\nYếu Tố Phổ Biến: Màu Tinh Khiết, Khâu\r\nVải/Chất Liệu: Khác/Polyester (Sợi Polyester)\r\nHàm Lượng Thành Phần: 71% (Bao Gồm)-80% (Bao Gồm)\r\n☀️một Số Mặt Hàng Đặt Trước Có Hàng Sau 7 Ngày Đến 15 Ngày \r\n🔹 Quy Định Đổi Trả Hàng\r\n🔹 ♥️ Sản Phẩm Bị Lỗi Do Shop: Shop Có Trách Nhiệm 1 Đổi 1 Trong Vòng 03 Ngày Kể Từ Ngày Khách Nhận Được Hàng ( Sản Phẩm Còn Nguyên Tem Giá & Nhãn Mác ) ♥️ Chưa Qua Sử Dụng Giặt Ủi & Chỉnh Sửa. ♥️ Hãy Liên Hệ Với Shop Qua Mục Chat Trên Shopee Để Được Hướng Dẫn Về Phương Thức Đổi Hàng Và Xác Nhận Trường Hợp Đủ Điều Kiện Theo Chính Sách.', 'BST\\xuan9.jpg', 1),
(10, 'xuân 10', 1000000, 'Kích Cỡ :  \r\n🌹S Từ 40kg Đến 45kg \r\n🌹M Từ 45kg Đến 50kg\r\n🌹L Từ 50kg Đến 55kg \r\n🌹XL Từ 55kg Đến 60kg \r\n🌹2XL Từ 60kg Đến 65kg\r\n\r\nThương Hiệu: Qianzi Qianya\r\nLoại Váy: Váy Chữ A\r\nChiều Dài Váy: Váy Dài Vừa\r\nChiều Dài Tay Áo: Dài Tay\r\nYếu Tố Phổ Biến: Màu Tinh Khiết, Khâu\r\nVải/Chất Liệu: Khác/Polyester (Sợi Polyester)\r\nHàm Lượng Thành Phần: 71% (Bao Gồm)-80% (Bao Gồm)\r\n☀️một Số Mặt Hàng Đặt Trước Có Hàng Sau 7 Ngày Đến 15 Ngày \r\n🔹 Quy Định Đổi Trả Hàng\r\n🔹 ♥️ Sản Phẩm Bị Lỗi Do Shop: Shop Có Trách Nhiệm 1 Đổi 1 Trong Vòng 03 Ngày Kể Từ Ngày Khách Nhận Được Hàng ( Sản Phẩm Còn Nguyên Tem Giá & Nhãn Mác ) ♥️ Chưa Qua Sử Dụng Giặt Ủi & Chỉnh Sửa. ♥️ Hãy Liên Hệ Với Shop Qua Mục Chat Trên Shopee Để Được Hướng Dẫn Về Phương Thức Đổi Hàng Và Xác Nhận Trường Hợp Đủ Điều Kiện Theo Chính Sách.', 'BST\\xuan10.jpg', 1),
(11, 'xuân 11', 1000000, 'Kích Cỡ :  \r\n🌹S Từ 40kg Đến 45kg \r\n🌹M Từ 45kg Đến 50kg\r\n🌹L Từ 50kg Đến 55kg \r\n🌹XL Từ 55kg Đến 60kg \r\n🌹2XL Từ 60kg Đến 65kg\r\n\r\nThương Hiệu: Qianzi Qianya\r\nLoại Váy: Váy Chữ A\r\nChiều Dài Váy: Váy Dài Vừa\r\nChiều Dài Tay Áo: Dài Tay\r\nYếu Tố Phổ Biến: Màu Tinh Khiết, Khâu\r\nVải/Chất Liệu: Khác/Polyester (Sợi Polyester)\r\nHàm Lượng Thành Phần: 71% (Bao Gồm)-80% (Bao Gồm)\r\n☀️một Số Mặt Hàng Đặt Trước Có Hàng Sau 7 Ngày Đến 15 Ngày \r\n🔹 Quy Định Đổi Trả Hàng\r\n🔹 ♥️ Sản Phẩm Bị Lỗi Do Shop: Shop Có Trách Nhiệm 1 Đổi 1 Trong Vòng 03 Ngày Kể Từ Ngày Khách Nhận Được Hàng ( Sản Phẩm Còn Nguyên Tem Giá & Nhãn Mác ) ♥️ Chưa Qua Sử Dụng Giặt Ủi & Chỉnh Sửa. ♥️ Hãy Liên Hệ Với Shop Qua Mục Chat Trên Shopee Để Được Hướng Dẫn Về Phương Thức Đổi Hàng Và Xác Nhận Trường Hợp Đủ Điều Kiện Theo Chính Sách.', 'BST\\xuan11.jpg', 1),
(12, 'xuân 12', 1000000, 'Kích Cỡ :  \r\n🌹S Từ 40kg Đến 45kg \r\n🌹M Từ 45kg Đến 50kg\r\n🌹L Từ 50kg Đến 55kg \r\n🌹XL Từ 55kg Đến 60kg \r\n🌹2XL Từ 60kg Đến 65kg\r\n\r\nThương Hiệu: Qianzi Qianya\r\nLoại Váy: Váy Chữ A\r\nChiều Dài Váy: Váy Dài Vừa\r\nChiều Dài Tay Áo: Dài Tay\r\nYếu Tố Phổ Biến: Màu Tinh Khiết, Khâu\r\nVải/Chất Liệu: Khác/Polyester (Sợi Polyester)\r\nHàm Lượng Thành Phần: 71% (Bao Gồm)-80% (Bao Gồm)\r\n☀️một Số Mặt Hàng Đặt Trước Có Hàng Sau 7 Ngày Đến 15 Ngày \r\n🔹 Quy Định Đổi Trả Hàng\r\n🔹 ♥️ Sản Phẩm Bị Lỗi Do Shop: Shop Có Trách Nhiệm 1 Đổi 1 Trong Vòng 03 Ngày Kể Từ Ngày Khách Nhận Được Hàng ( Sản Phẩm Còn Nguyên Tem Giá & Nhãn Mác ) ♥️ Chưa Qua Sử Dụng Giặt Ủi & Chỉnh Sửa. ♥️ Hãy Liên Hệ Với Shop Qua Mục Chat Trên Shopee Để Được Hướng Dẫn Về Phương Thức Đổi Hàng Và Xác Nhận Trường Hợp Đủ Điều Kiện Theo Chính Sách.', 'BST\\xuan12.jpg', 1),
(13, 'xuân 13', 1000000, 'Kích Cỡ :  \r\n🌹S Từ 40kg Đến 45kg \r\n🌹M Từ 45kg Đến 50kg\r\n🌹L Từ 50kg Đến 55kg \r\n🌹XL Từ 55kg Đến 60kg \r\n🌹2XL Từ 60kg Đến 65kg\r\n\r\nThương Hiệu: Qianzi Qianya\r\nLoại Váy: Váy Chữ A\r\nChiều Dài Váy: Váy Dài Vừa\r\nChiều Dài Tay Áo: Dài Tay\r\nYếu Tố Phổ Biến: Màu Tinh Khiết, Khâu\r\nVải/Chất Liệu: Khác/Polyester (Sợi Polyester)\r\nHàm Lượng Thành Phần: 71% (Bao Gồm)-80% (Bao Gồm)\r\n☀️một Số Mặt Hàng Đặt Trước Có Hàng Sau 7 Ngày Đến 15 Ngày \r\n🔹 Quy Định Đổi Trả Hàng\r\n🔹 ♥️ Sản Phẩm Bị Lỗi Do Shop: Shop Có Trách Nhiệm 1 Đổi 1 Trong Vòng 03 Ngày Kể Từ Ngày Khách Nhận Được Hàng ( Sản Phẩm Còn Nguyên Tem Giá & Nhãn Mác ) ♥️ Chưa Qua Sử Dụng Giặt Ủi & Chỉnh Sửa. ♥️ Hãy Liên Hệ Với Shop Qua Mục Chat Trên Shopee Để Được Hướng Dẫn Về Phương Thức Đổi Hàng Và Xác Nhận Trường Hợp Đủ Điều Kiện Theo Chính Sách.', 'BST\\xuan13.jpg', 1),
(14, 'xuân 14', 1000000, 'Kích Cỡ :  \r\n🌹S Từ 40kg Đến 45kg \r\n🌹M Từ 45kg Đến 50kg\r\n🌹L Từ 50kg Đến 55kg \r\n🌹XL Từ 55kg Đến 60kg \r\n🌹2XL Từ 60kg Đến 65kg\r\n\r\nThương Hiệu: Qianzi Qianya\r\nLoại Váy: Váy Chữ A\r\nChiều Dài Váy: Váy Dài Vừa\r\nChiều Dài Tay Áo: Dài Tay\r\nYếu Tố Phổ Biến: Màu Tinh Khiết, Khâu\r\nVải/Chất Liệu: Khác/Polyester (Sợi Polyester)\r\nHàm Lượng Thành Phần: 71% (Bao Gồm)-80% (Bao Gồm)\r\n☀️một Số Mặt Hàng Đặt Trước Có Hàng Sau 7 Ngày Đến 15 Ngày \r\n🔹 Quy Định Đổi Trả Hàng\r\n🔹 ♥️ Sản Phẩm Bị Lỗi Do Shop: Shop Có Trách Nhiệm 1 Đổi 1 Trong Vòng 03 Ngày Kể Từ Ngày Khách Nhận Được Hàng ( Sản Phẩm Còn Nguyên Tem Giá & Nhãn Mác ) ♥️ Chưa Qua Sử Dụng Giặt Ủi & Chỉnh Sửa. ♥️ Hãy Liên Hệ Với Shop Qua Mục Chat Trên Shopee Để Được Hướng Dẫn Về Phương Thức Đổi Hàng Và Xác Nhận Trường Hợp Đủ Điều Kiện Theo Chính Sách.', 'BST\\xuan14.jpg', 1),
(15, 'xuân 15', 1000000, 'Kích Cỡ :  \r\n🌹S Từ 40kg Đến 45kg \r\n🌹M Từ 45kg Đến 50kg\r\n🌹L Từ 50kg Đến 55kg \r\n🌹XL Từ 55kg Đến 60kg \r\n🌹2XL Từ 60kg Đến 65kg\r\n\r\nThương Hiệu: Qianzi Qianya\r\nLoại Váy: Váy Chữ A\r\nChiều Dài Váy: Váy Dài Vừa\r\nChiều Dài Tay Áo: Dài Tay\r\nYếu Tố Phổ Biến: Màu Tinh Khiết, Khâu\r\nVải/Chất Liệu: Khác/Polyester (Sợi Polyester)\r\nHàm Lượng Thành Phần: 71% (Bao Gồm)-80% (Bao Gồm)\r\n☀️một Số Mặt Hàng Đặt Trước Có Hàng Sau 7 Ngày Đến 15 Ngày \r\n🔹 Quy Định Đổi Trả Hàng\r\n🔹 ♥️ Sản Phẩm Bị Lỗi Do Shop: Shop Có Trách Nhiệm 1 Đổi 1 Trong Vòng 03 Ngày Kể Từ Ngày Khách Nhận Được Hàng ( Sản Phẩm Còn Nguyên Tem Giá & Nhãn Mác ) ♥️ Chưa Qua Sử Dụng Giặt Ủi & Chỉnh Sửa. ♥️ Hãy Liên Hệ Với Shop Qua Mục Chat Trên Shopee Để Được Hướng Dẫn Về Phương Thức Đổi Hàng Và Xác Nhận Trường Hợp Đủ Điều Kiện Theo Chính Sách.', 'BST\\xuan15.jpg', 1),
(16, 'hè 1', 689000, 'Kích Cỡ :  \r\n🌹S Từ 40kg Đến 45kg \r\n🌹M Từ 45kg Đến 50kg\r\n🌹L Từ 50kg Đến 55kg \r\n🌹XL Từ 55kg Đến 60kg \r\n🌹2XL Từ 60kg Đến 65kg\r\n\r\nThương Hiệu: Qianzi Qianya\r\nLoại Váy: Váy Chữ A\r\nChiều Dài Váy: Váy Dài Vừa\r\nChiều Dài Tay Áo: Dài Tay\r\nYếu Tố Phổ Biến: Màu Tinh Khiết, Khâu\r\nVải/Chất Liệu: Khác/Polyester (Sợi Polyester)\r\nHàm Lượng Thành Phần: 71% (Bao Gồm)-80% (Bao Gồm)\r\n☀️một Số Mặt Hàng Đặt Trước Có Hàng Sau 7 Ngày Đến 15 Ngày \r\n🔹 Quy Định Đổi Trả Hàng\r\n🔹 ♥️ Sản Phẩm Bị Lỗi Do Shop: Shop Có Trách Nhiệm 1 Đổi 1 Trong Vòng 03 Ngày Kể Từ Ngày Khách Nhận Được Hàng ( Sản Phẩm Còn Nguyên Tem Giá & Nhãn Mác ) ♥️ Chưa Qua Sử Dụng Giặt Ủi & Chỉnh Sửa. ♥️ Hãy Liên Hệ Với Shop Qua Mục Chat Trên Shopee Để Được Hướng Dẫn Về Phương Thức Đổi Hàng Và Xác Nhận Trường Hợp Đủ Điều Kiện Theo Chính Sách.', 'BST\\he1.jpg\"', 2),
(17, 'hè 2', 689000, 'Kích Cỡ :  \r\n🌹S Từ 40kg Đến 45kg \r\n🌹M Từ 45kg Đến 50kg\r\n🌹L Từ 50kg Đến 55kg \r\n🌹XL Từ 55kg Đến 60kg \r\n🌹2XL Từ 60kg Đến 65kg\r\n\r\nThương Hiệu: Qianzi Qianya\r\nLoại Váy: Váy Chữ A\r\nChiều Dài Váy: Váy Dài Vừa\r\nChiều Dài Tay Áo: Dài Tay\r\nYếu Tố Phổ Biến: Màu Tinh Khiết, Khâu\r\nVải/Chất Liệu: Khác/Polyester (Sợi Polyester)\r\nHàm Lượng Thành Phần: 71% (Bao Gồm)-80% (Bao Gồm)\r\n☀️một Số Mặt Hàng Đặt Trước Có Hàng Sau 7 Ngày Đến 15 Ngày \r\n🔹 Quy Định Đổi Trả Hàng\r\n🔹 ♥️ Sản Phẩm Bị Lỗi Do Shop: Shop Có Trách Nhiệm 1 Đổi 1 Trong Vòng 03 Ngày Kể Từ Ngày Khách Nhận Được Hàng ( Sản Phẩm Còn Nguyên Tem Giá & Nhãn Mác ) ♥️ Chưa Qua Sử Dụng Giặt Ủi & Chỉnh Sửa. ♥️ Hãy Liên Hệ Với Shop Qua Mục Chat Trên Shopee Để Được Hướng Dẫn Về Phương Thức Đổi Hàng Và Xác Nhận Trường Hợp Đủ Điều Kiện Theo Chính Sách.', 'BST\\he2.jpg', 2),
(18, 'hè 3', 689000, 'Kích Cỡ :  \r\n🌹S Từ 40kg Đến 45kg \r\n🌹M Từ 45kg Đến 50kg\r\n🌹L Từ 50kg Đến 55kg \r\n🌹XL Từ 55kg Đến 60kg \r\n🌹2XL Từ 60kg Đến 65kg\r\n\r\nThương Hiệu: Qianzi Qianya\r\nLoại Váy: Váy Chữ A\r\nChiều Dài Váy: Váy Dài Vừa\r\nChiều Dài Tay Áo: Dài Tay\r\nYếu Tố Phổ Biến: Màu Tinh Khiết, Khâu\r\nVải/Chất Liệu: Khác/Polyester (Sợi Polyester)\r\nHàm Lượng Thành Phần: 71% (Bao Gồm)-80% (Bao Gồm)\r\n☀️một Số Mặt Hàng Đặt Trước Có Hàng Sau 7 Ngày Đến 15 Ngày \r\n🔹 Quy Định Đổi Trả Hàng\r\n🔹 ♥️ Sản Phẩm Bị Lỗi Do Shop: Shop Có Trách Nhiệm 1 Đổi 1 Trong Vòng 03 Ngày Kể Từ Ngày Khách Nhận Được Hàng ( Sản Phẩm Còn Nguyên Tem Giá & Nhãn Mác ) ♥️ Chưa Qua Sử Dụng Giặt Ủi & Chỉnh Sửa. ♥️ Hãy Liên Hệ Với Shop Qua Mục Chat Trên Shopee Để Được Hướng Dẫn Về Phương Thức Đổi Hàng Và Xác Nhận Trường Hợp Đủ Điều Kiện Theo Chính Sách.', 'BST\\he3.jpg', 2),
(19, 'hè 4', 689000, 'Kích Cỡ :  \r\n🌹S Từ 40kg Đến 45kg \r\n🌹M Từ 45kg Đến 50kg\r\n🌹L Từ 50kg Đến 55kg \r\n🌹XL Từ 55kg Đến 60kg \r\n🌹2XL Từ 60kg Đến 65kg\r\n\r\nThương Hiệu: Qianzi Qianya\r\nLoại Váy: Váy Chữ A\r\nChiều Dài Váy: Váy Dài Vừa\r\nChiều Dài Tay Áo: Dài Tay\r\nYếu Tố Phổ Biến: Màu Tinh Khiết, Khâu\r\nVải/Chất Liệu: Khác/Polyester (Sợi Polyester)\r\nHàm Lượng Thành Phần: 71% (Bao Gồm)-80% (Bao Gồm)\r\n☀️một Số Mặt Hàng Đặt Trước Có Hàng Sau 7 Ngày Đến 15 Ngày \r\n🔹 Quy Định Đổi Trả Hàng\r\n🔹 ♥️ Sản Phẩm Bị Lỗi Do Shop: Shop Có Trách Nhiệm 1 Đổi 1 Trong Vòng 03 Ngày Kể Từ Ngày Khách Nhận Được Hàng ( Sản Phẩm Còn Nguyên Tem Giá & Nhãn Mác ) ♥️ Chưa Qua Sử Dụng Giặt Ủi & Chỉnh Sửa. ♥️ Hãy Liên Hệ Với Shop Qua Mục Chat Trên Shopee Để Được Hướng Dẫn Về Phương Thức Đổi Hàng Và Xác Nhận Trường Hợp Đủ Điều Kiện Theo Chính Sách.', 'BST\\he4.jpg', 2),
(20, 'hè 5', 689000, 'Kích Cỡ :  \r\n🌹S Từ 40kg Đến 45kg \r\n🌹M Từ 45kg Đến 50kg\r\n🌹L Từ 50kg Đến 55kg \r\n🌹XL Từ 55kg Đến 60kg \r\n🌹2XL Từ 60kg Đến 65kg\r\n\r\nThương Hiệu: Qianzi Qianya\r\nLoại Váy: Váy Chữ A\r\nChiều Dài Váy: Váy Dài Vừa\r\nChiều Dài Tay Áo: Dài Tay\r\nYếu Tố Phổ Biến: Màu Tinh Khiết, Khâu\r\nVải/Chất Liệu: Khác/Polyester (Sợi Polyester)\r\nHàm Lượng Thành Phần: 71% (Bao Gồm)-80% (Bao Gồm)\r\n☀️một Số Mặt Hàng Đặt Trước Có Hàng Sau 7 Ngày Đến 15 Ngày \r\n🔹 Quy Định Đổi Trả Hàng\r\n🔹 ♥️ Sản Phẩm Bị Lỗi Do Shop: Shop Có Trách Nhiệm 1 Đổi 1 Trong Vòng 03 Ngày Kể Từ Ngày Khách Nhận Được Hàng ( Sản Phẩm Còn Nguyên Tem Giá & Nhãn Mác ) ♥️ Chưa Qua Sử Dụng Giặt Ủi & Chỉnh Sửa. ♥️ Hãy Liên Hệ Với Shop Qua Mục Chat Trên Shopee Để Được Hướng Dẫn Về Phương Thức Đổi Hàng Và Xác Nhận Trường Hợp Đủ Điều Kiện Theo Chính Sách.', 'BST\\he5.jpg', 2),
(21, 'hè 6', 689000, 'Kích Cỡ :  \r\n🌹S Từ 40kg Đến 45kg \r\n🌹M Từ 45kg Đến 50kg\r\n🌹L Từ 50kg Đến 55kg \r\n🌹XL Từ 55kg Đến 60kg \r\n🌹2XL Từ 60kg Đến 65kg\r\n\r\nThương Hiệu: Qianzi Qianya\r\nLoại Váy: Váy Chữ A\r\nChiều Dài Váy: Váy Dài Vừa\r\nChiều Dài Tay Áo: Dài Tay\r\nYếu Tố Phổ Biến: Màu Tinh Khiết, Khâu\r\nVải/Chất Liệu: Khác/Polyester (Sợi Polyester)\r\nHàm Lượng Thành Phần: 71% (Bao Gồm)-80% (Bao Gồm)\r\n☀️một Số Mặt Hàng Đặt Trước Có Hàng Sau 7 Ngày Đến 15 Ngày \r\n🔹 Quy Định Đổi Trả Hàng\r\n🔹 ♥️ Sản Phẩm Bị Lỗi Do Shop: Shop Có Trách Nhiệm 1 Đổi 1 Trong Vòng 03 Ngày Kể Từ Ngày Khách Nhận Được Hàng ( Sản Phẩm Còn Nguyên Tem Giá & Nhãn Mác ) ♥️ Chưa Qua Sử Dụng Giặt Ủi & Chỉnh Sửa. ♥️ Hãy Liên Hệ Với Shop Qua Mục Chat Trên Shopee Để Được Hướng Dẫn Về Phương Thức Đổi Hàng Và Xác Nhận Trường Hợp Đủ Điều Kiện Theo Chính Sách.', 'BST\\he6.jpg', 2),
(22, 'hè 7', 689000, 'Kích Cỡ :  \r\n🌹S Từ 40kg Đến 45kg \r\n🌹M Từ 45kg Đến 50kg\r\n🌹L Từ 50kg Đến 55kg \r\n🌹XL Từ 55kg Đến 60kg \r\n🌹2XL Từ 60kg Đến 65kg\r\n\r\nThương Hiệu: Qianzi Qianya\r\nLoại Váy: Váy Chữ A\r\nChiều Dài Váy: Váy Dài Vừa\r\nChiều Dài Tay Áo: Dài Tay\r\nYếu Tố Phổ Biến: Màu Tinh Khiết, Khâu\r\nVải/Chất Liệu: Khác/Polyester (Sợi Polyester)\r\nHàm Lượng Thành Phần: 71% (Bao Gồm)-80% (Bao Gồm)\r\n☀️một Số Mặt Hàng Đặt Trước Có Hàng Sau 7 Ngày Đến 15 Ngày \r\n🔹 Quy Định Đổi Trả Hàng\r\n🔹 ♥️ Sản Phẩm Bị Lỗi Do Shop: Shop Có Trách Nhiệm 1 Đổi 1 Trong Vòng 03 Ngày Kể Từ Ngày Khách Nhận Được Hàng ( Sản Phẩm Còn Nguyên Tem Giá & Nhãn Mác ) ♥️ Chưa Qua Sử Dụng Giặt Ủi & Chỉnh Sửa. ♥️ Hãy Liên Hệ Với Shop Qua Mục Chat Trên Shopee Để Được Hướng Dẫn Về Phương Thức Đổi Hàng Và Xác Nhận Trường Hợp Đủ Điều Kiện Theo Chính Sách.', 'BST\\he7.jpg', 2),
(23, 'hè 8', 689000, 'Kích Cỡ :  \r\n🌹S Từ 40kg Đến 45kg \r\n🌹M Từ 45kg Đến 50kg\r\n🌹L Từ 50kg Đến 55kg \r\n🌹XL Từ 55kg Đến 60kg \r\n🌹2XL Từ 60kg Đến 65kg\r\n\r\nThương Hiệu: Qianzi Qianya\r\nLoại Váy: Váy Chữ A\r\nChiều Dài Váy: Váy Dài Vừa\r\nChiều Dài Tay Áo: Dài Tay\r\nYếu Tố Phổ Biến: Màu Tinh Khiết, Khâu\r\nVải/Chất Liệu: Khác/Polyester (Sợi Polyester)\r\nHàm Lượng Thành Phần: 71% (Bao Gồm)-80% (Bao Gồm)\r\n☀️một Số Mặt Hàng Đặt Trước Có Hàng Sau 7 Ngày Đến 15 Ngày \r\n🔹 Quy Định Đổi Trả Hàng\r\n🔹 ♥️ Sản Phẩm Bị Lỗi Do Shop: Shop Có Trách Nhiệm 1 Đổi 1 Trong Vòng 03 Ngày Kể Từ Ngày Khách Nhận Được Hàng ( Sản Phẩm Còn Nguyên Tem Giá & Nhãn Mác ) ♥️ Chưa Qua Sử Dụng Giặt Ủi & Chỉnh Sửa. ♥️ Hãy Liên Hệ Với Shop Qua Mục Chat Trên Shopee Để Được Hướng Dẫn Về Phương Thức Đổi Hàng Và Xác Nhận Trường Hợp Đủ Điều Kiện Theo Chính Sách.', 'BST\\he8.jpg', 2),
(24, 'hè 9', 689000, 'Kích Cỡ :  \r\n🌹S Từ 40kg Đến 45kg \r\n🌹M Từ 45kg Đến 50kg\r\n🌹L Từ 50kg Đến 55kg \r\n🌹XL Từ 55kg Đến 60kg \r\n🌹2XL Từ 60kg Đến 65kg\r\n\r\nThương Hiệu: Qianzi Qianya\r\nLoại Váy: Váy Chữ A\r\nChiều Dài Váy: Váy Dài Vừa\r\nChiều Dài Tay Áo: Dài Tay\r\nYếu Tố Phổ Biến: Màu Tinh Khiết, Khâu\r\nVải/Chất Liệu: Khác/Polyester (Sợi Polyester)\r\nHàm Lượng Thành Phần: 71% (Bao Gồm)-80% (Bao Gồm)\r\n☀️một Số Mặt Hàng Đặt Trước Có Hàng Sau 7 Ngày Đến 15 Ngày \r\n🔹 Quy Định Đổi Trả Hàng\r\n🔹 ♥️ Sản Phẩm Bị Lỗi Do Shop: Shop Có Trách Nhiệm 1 Đổi 1 Trong Vòng 03 Ngày Kể Từ Ngày Khách Nhận Được Hàng ( Sản Phẩm Còn Nguyên Tem Giá & Nhãn Mác ) ♥️ Chưa Qua Sử Dụng Giặt Ủi & Chỉnh Sửa. ♥️ Hãy Liên Hệ Với Shop Qua Mục Chat Trên Shopee Để Được Hướng Dẫn Về Phương Thức Đổi Hàng Và Xác Nhận Trường Hợp Đủ Điều Kiện Theo Chính Sách.', 'BST\\he9.jpg', 2),
(25, 'hè 10', 689000, 'Kích Cỡ :  \r\n🌹S Từ 40kg Đến 45kg \r\n🌹M Từ 45kg Đến 50kg\r\n🌹L Từ 50kg Đến 55kg \r\n🌹XL Từ 55kg Đến 60kg \r\n🌹2XL Từ 60kg Đến 65kg\r\n\r\nThương Hiệu: Qianzi Qianya\r\nLoại Váy: Váy Chữ A\r\nChiều Dài Váy: Váy Dài Vừa\r\nChiều Dài Tay Áo: Dài Tay\r\nYếu Tố Phổ Biến: Màu Tinh Khiết, Khâu\r\nVải/Chất Liệu: Khác/Polyester (Sợi Polyester)\r\nHàm Lượng Thành Phần: 71% (Bao Gồm)-80% (Bao Gồm)\r\n☀️một Số Mặt Hàng Đặt Trước Có Hàng Sau 7 Ngày Đến 15 Ngày \r\n🔹 Quy Định Đổi Trả Hàng\r\n🔹 ♥️ Sản Phẩm Bị Lỗi Do Shop: Shop Có Trách Nhiệm 1 Đổi 1 Trong Vòng 03 Ngày Kể Từ Ngày Khách Nhận Được Hàng ( Sản Phẩm Còn Nguyên Tem Giá & Nhãn Mác ) ♥️ Chưa Qua Sử Dụng Giặt Ủi & Chỉnh Sửa. ♥️ Hãy Liên Hệ Với Shop Qua Mục Chat Trên Shopee Để Được Hướng Dẫn Về Phương Thức Đổi Hàng Và Xác Nhận Trường Hợp Đủ Điều Kiện Theo Chính Sách.', 'BST\\he10.jpg', 2),
(26, 'hè 11', 689000, 'Kích Cỡ :  \r\n🌹S Từ 40kg Đến 45kg \r\n🌹M Từ 45kg Đến 50kg\r\n🌹L Từ 50kg Đến 55kg \r\n🌹XL Từ 55kg Đến 60kg \r\n🌹2XL Từ 60kg Đến 65kg\r\n\r\nThương Hiệu: Qianzi Qianya\r\nLoại Váy: Váy Chữ A\r\nChiều Dài Váy: Váy Dài Vừa\r\nChiều Dài Tay Áo: Dài Tay\r\nYếu Tố Phổ Biến: Màu Tinh Khiết, Khâu\r\nVải/Chất Liệu: Khác/Polyester (Sợi Polyester)\r\nHàm Lượng Thành Phần: 71% (Bao Gồm)-80% (Bao Gồm)\r\n☀️một Số Mặt Hàng Đặt Trước Có Hàng Sau 7 Ngày Đến 15 Ngày \r\n🔹 Quy Định Đổi Trả Hàng\r\n🔹 ♥️ Sản Phẩm Bị Lỗi Do Shop: Shop Có Trách Nhiệm 1 Đổi 1 Trong Vòng 03 Ngày Kể Từ Ngày Khách Nhận Được Hàng ( Sản Phẩm Còn Nguyên Tem Giá & Nhãn Mác ) ♥️ Chưa Qua Sử Dụng Giặt Ủi & Chỉnh Sửa. ♥️ Hãy Liên Hệ Với Shop Qua Mục Chat Trên Shopee Để Được Hướng Dẫn Về Phương Thức Đổi Hàng Và Xác Nhận Trường Hợp Đủ Điều Kiện Theo Chính Sách.', 'BST\\he11.jpg', 2),
(27, 'hè 12', 689000, 'Kích Cỡ :  \r\n🌹S Từ 40kg Đến 45kg \r\n🌹M Từ 45kg Đến 50kg\r\n🌹L Từ 50kg Đến 55kg \r\n🌹XL Từ 55kg Đến 60kg \r\n🌹2XL Từ 60kg Đến 65kg\r\n\r\nThương Hiệu: Qianzi Qianya\r\nLoại Váy: Váy Chữ A\r\nChiều Dài Váy: Váy Dài Vừa\r\nChiều Dài Tay Áo: Dài Tay\r\nYếu Tố Phổ Biến: Màu Tinh Khiết, Khâu\r\nVải/Chất Liệu: Khác/Polyester (Sợi Polyester)\r\nHàm Lượng Thành Phần: 71% (Bao Gồm)-80% (Bao Gồm)\r\n☀️một Số Mặt Hàng Đặt Trước Có Hàng Sau 7 Ngày Đến 15 Ngày \r\n🔹 Quy Định Đổi Trả Hàng\r\n🔹 ♥️ Sản Phẩm Bị Lỗi Do Shop: Shop Có Trách Nhiệm 1 Đổi 1 Trong Vòng 03 Ngày Kể Từ Ngày Khách Nhận Được Hàng ( Sản Phẩm Còn Nguyên Tem Giá & Nhãn Mác ) ♥️ Chưa Qua Sử Dụng Giặt Ủi & Chỉnh Sửa. ♥️ Hãy Liên Hệ Với Shop Qua Mục Chat Trên Shopee Để Được Hướng Dẫn Về Phương Thức Đổi Hàng Và Xác Nhận Trường Hợp Đủ Điều Kiện Theo Chính Sách.', 'BST\\he12.jpg', 2),
(28, 'hè 13', 689000, 'Kích Cỡ :  \r\n🌹S Từ 40kg Đến 45kg \r\n🌹M Từ 45kg Đến 50kg\r\n🌹L Từ 50kg Đến 55kg \r\n🌹XL Từ 55kg Đến 60kg \r\n🌹2XL Từ 60kg Đến 65kg\r\n\r\nThương Hiệu: Qianzi Qianya\r\nLoại Váy: Váy Chữ A\r\nChiều Dài Váy: Váy Dài Vừa\r\nChiều Dài Tay Áo: Dài Tay\r\nYếu Tố Phổ Biến: Màu Tinh Khiết, Khâu\r\nVải/Chất Liệu: Khác/Polyester (Sợi Polyester)\r\nHàm Lượng Thành Phần: 71% (Bao Gồm)-80% (Bao Gồm)\r\n☀️một Số Mặt Hàng Đặt Trước Có Hàng Sau 7 Ngày Đến 15 Ngày \r\n🔹 Quy Định Đổi Trả Hàng\r\n🔹 ♥️ Sản Phẩm Bị Lỗi Do Shop: Shop Có Trách Nhiệm 1 Đổi 1 Trong Vòng 03 Ngày Kể Từ Ngày Khách Nhận Được Hàng ( Sản Phẩm Còn Nguyên Tem Giá & Nhãn Mác ) ♥️ Chưa Qua Sử Dụng Giặt Ủi & Chỉnh Sửa. ♥️ Hãy Liên Hệ Với Shop Qua Mục Chat Trên Shopee Để Được Hướng Dẫn Về Phương Thức Đổi Hàng Và Xác Nhận Trường Hợp Đủ Điều Kiện Theo Chính Sách.', 'BST\\he13.jpg', 2),
(29, 'hè 14', 689000, 'Kích Cỡ :  \r\n🌹S Từ 40kg Đến 45kg \r\n🌹M Từ 45kg Đến 50kg\r\n🌹L Từ 50kg Đến 55kg \r\n🌹XL Từ 55kg Đến 60kg \r\n🌹2XL Từ 60kg Đến 65kg\r\n\r\nThương Hiệu: Qianzi Qianya\r\nLoại Váy: Váy Chữ A\r\nChiều Dài Váy: Váy Dài Vừa\r\nChiều Dài Tay Áo: Dài Tay\r\nYếu Tố Phổ Biến: Màu Tinh Khiết, Khâu\r\nVải/Chất Liệu: Khác/Polyester (Sợi Polyester)\r\nHàm Lượng Thành Phần: 71% (Bao Gồm)-80% (Bao Gồm)\r\n☀️một Số Mặt Hàng Đặt Trước Có Hàng Sau 7 Ngày Đến 15 Ngày \r\n🔹 Quy Định Đổi Trả Hàng\r\n🔹 ♥️ Sản Phẩm Bị Lỗi Do Shop: Shop Có Trách Nhiệm 1 Đổi 1 Trong Vòng 03 Ngày Kể Từ Ngày Khách Nhận Được Hàng ( Sản Phẩm Còn Nguyên Tem Giá & Nhãn Mác ) ♥️ Chưa Qua Sử Dụng Giặt Ủi & Chỉnh Sửa. ♥️ Hãy Liên Hệ Với Shop Qua Mục Chat Trên Shopee Để Được Hướng Dẫn Về Phương Thức Đổi Hàng Và Xác Nhận Trường Hợp Đủ Điều Kiện Theo Chính Sách.', 'BST\\he14.jpg', 2),
(30, 'hè 15', 689000, 'Kích Cỡ :  \r\n🌹S Từ 40kg Đến 45kg \r\n🌹M Từ 45kg Đến 50kg\r\n🌹L Từ 50kg Đến 55kg \r\n🌹XL Từ 55kg Đến 60kg \r\n🌹2XL Từ 60kg Đến 65kg\r\n\r\nThương Hiệu: Qianzi Qianya\r\nLoại Váy: Váy Chữ A\r\nChiều Dài Váy: Váy Dài Vừa\r\nChiều Dài Tay Áo: Dài Tay\r\nYếu Tố Phổ Biến: Màu Tinh Khiết, Khâu\r\nVải/Chất Liệu: Khác/Polyester (Sợi Polyester)\r\nHàm Lượng Thành Phần: 71% (Bao Gồm)-80% (Bao Gồm)\r\n☀️một Số Mặt Hàng Đặt Trước Có Hàng Sau 7 Ngày Đến 15 Ngày \r\n🔹 Quy Định Đổi Trả Hàng\r\n🔹 ♥️ Sản Phẩm Bị Lỗi Do Shop: Shop Có Trách Nhiệm 1 Đổi 1 Trong Vòng 03 Ngày Kể Từ Ngày Khách Nhận Được Hàng ( Sản Phẩm Còn Nguyên Tem Giá & Nhãn Mác ) ♥️ Chưa Qua Sử Dụng Giặt Ủi & Chỉnh Sửa. ♥️ Hãy Liên Hệ Với Shop Qua Mục Chat Trên Shopee Để Được Hướng Dẫn Về Phương Thức Đổi Hàng Và Xác Nhận Trường Hợp Đủ Điều Kiện Theo Chính Sách.', 'BST\\he15.jpg', 2),
(31, 'thu 1', 689000, 'Kích Cỡ :  \r\n🌹S Từ 40kg Đến 45kg \r\n🌹M Từ 45kg Đến 50kg\r\n🌹L Từ 50kg Đến 55kg \r\n🌹XL Từ 55kg Đến 60kg \r\n🌹2XL Từ 60kg Đến 65kg\r\n\r\nThương Hiệu: Qianzi Qianya\r\nLoại Váy: Váy Chữ A\r\nChiều Dài Váy: Váy Dài Vừa\r\nChiều Dài Tay Áo: Dài Tay\r\nYếu Tố Phổ Biến: Màu Tinh Khiết, Khâu\r\nVải/Chất Liệu: Khác/Polyester (Sợi Polyester)\r\nHàm Lượng Thành Phần: 71% (Bao Gồm)-80% (Bao Gồm)\r\n☀️một Số Mặt Hàng Đặt Trước Có Hàng Sau 7 Ngày Đến 15 Ngày \r\n🔹 Quy Định Đổi Trả Hàng\r\n🔹 ♥️ Sản Phẩm Bị Lỗi Do Shop: Shop Có Trách Nhiệm 1 Đổi 1 Trong Vòng 03 Ngày Kể Từ Ngày Khách Nhận Được Hàng ( Sản Phẩm Còn Nguyên Tem Giá & Nhãn Mác ) ♥️ Chưa Qua Sử Dụng Giặt Ủi & Chỉnh Sửa. ♥️ Hãy Liên Hệ Với Shop Qua Mục Chat Trên Shopee Để Được Hướng Dẫn Về Phương Thức Đổi Hàng Và Xác Nhận Trường Hợp Đủ Điều Kiện Theo Chính Sách.', 'BST\\thu1.jpg', 3),
(32, 'thu 2', 689000, 'Kích Cỡ :  \r\n🌹S Từ 40kg Đến 45kg \r\n🌹M Từ 45kg Đến 50kg\r\n🌹L Từ 50kg Đến 55kg \r\n🌹XL Từ 55kg Đến 60kg \r\n🌹2XL Từ 60kg Đến 65kg\r\n\r\nThương Hiệu: Qianzi Qianya\r\nLoại Váy: Váy Chữ A\r\nChiều Dài Váy: Váy Dài Vừa\r\nChiều Dài Tay Áo: Dài Tay\r\nYếu Tố Phổ Biến: Màu Tinh Khiết, Khâu\r\nVải/Chất Liệu: Khác/Polyester (Sợi Polyester)\r\nHàm Lượng Thành Phần: 71% (Bao Gồm)-80% (Bao Gồm)\r\n☀️một Số Mặt Hàng Đặt Trước Có Hàng Sau 7 Ngày Đến 15 Ngày \r\n🔹 Quy Định Đổi Trả Hàng\r\n🔹 ♥️ Sản Phẩm Bị Lỗi Do Shop: Shop Có Trách Nhiệm 1 Đổi 1 Trong Vòng 03 Ngày Kể Từ Ngày Khách Nhận Được Hàng ( Sản Phẩm Còn Nguyên Tem Giá & Nhãn Mác ) ♥️ Chưa Qua Sử Dụng Giặt Ủi & Chỉnh Sửa. ♥️ Hãy Liên Hệ Với Shop Qua Mục Chat Trên Shopee Để Được Hướng Dẫn Về Phương Thức Đổi Hàng Và Xác Nhận Trường Hợp Đủ Điều Kiện Theo Chính Sách.', 'BST\\thu2.jpg', 3),
(33, 'thu 3', 689000, 'Kích Cỡ :  \r\n🌹S Từ 40kg Đến 45kg \r\n🌹M Từ 45kg Đến 50kg\r\n🌹L Từ 50kg Đến 55kg \r\n🌹XL Từ 55kg Đến 60kg \r\n🌹2XL Từ 60kg Đến 65kg\r\n\r\nThương Hiệu: Qianzi Qianya\r\nLoại Váy: Váy Chữ A\r\nChiều Dài Váy: Váy Dài Vừa\r\nChiều Dài Tay Áo: Dài Tay\r\nYếu Tố Phổ Biến: Màu Tinh Khiết, Khâu\r\nVải/Chất Liệu: Khác/Polyester (Sợi Polyester)\r\nHàm Lượng Thành Phần: 71% (Bao Gồm)-80% (Bao Gồm)\r\n☀️một Số Mặt Hàng Đặt Trước Có Hàng Sau 7 Ngày Đến 15 Ngày \r\n🔹 Quy Định Đổi Trả Hàng\r\n🔹 ♥️ Sản Phẩm Bị Lỗi Do Shop: Shop Có Trách Nhiệm 1 Đổi 1 Trong Vòng 03 Ngày Kể Từ Ngày Khách Nhận Được Hàng ( Sản Phẩm Còn Nguyên Tem Giá & Nhãn Mác ) ♥️ Chưa Qua Sử Dụng Giặt Ủi & Chỉnh Sửa. ♥️ Hãy Liên Hệ Với Shop Qua Mục Chat Trên Shopee Để Được Hướng Dẫn Về Phương Thức Đổi Hàng Và Xác Nhận Trường Hợp Đủ Điều Kiện Theo Chính Sách.', 'BST\\thu3.jpg', 3),
(34, 'thu 4', 689000, 'Kích Cỡ :  \r\n🌹S Từ 40kg Đến 45kg \r\n🌹M Từ 45kg Đến 50kg\r\n🌹L Từ 50kg Đến 55kg \r\n🌹XL Từ 55kg Đến 60kg \r\n🌹2XL Từ 60kg Đến 65kg\r\n\r\nThương Hiệu: Qianzi Qianya\r\nLoại Váy: Váy Chữ A\r\nChiều Dài Váy: Váy Dài Vừa\r\nChiều Dài Tay Áo: Dài Tay\r\nYếu Tố Phổ Biến: Màu Tinh Khiết, Khâu\r\nVải/Chất Liệu: Khác/Polyester (Sợi Polyester)\r\nHàm Lượng Thành Phần: 71% (Bao Gồm)-80% (Bao Gồm)\r\n☀️một Số Mặt Hàng Đặt Trước Có Hàng Sau 7 Ngày Đến 15 Ngày \r\n🔹 Quy Định Đổi Trả Hàng\r\n🔹 ♥️ Sản Phẩm Bị Lỗi Do Shop: Shop Có Trách Nhiệm 1 Đổi 1 Trong Vòng 03 Ngày Kể Từ Ngày Khách Nhận Được Hàng ( Sản Phẩm Còn Nguyên Tem Giá & Nhãn Mác ) ♥️ Chưa Qua Sử Dụng Giặt Ủi & Chỉnh Sửa. ♥️ Hãy Liên Hệ Với Shop Qua Mục Chat Trên Shopee Để Được Hướng Dẫn Về Phương Thức Đổi Hàng Và Xác Nhận Trường Hợp Đủ Điều Kiện Theo Chính Sách.', 'BST\\thu4.jpg', 3),
(35, 'thu 5', 689000, 'Kích Cỡ :  \r\n🌹S Từ 40kg Đến 45kg \r\n🌹M Từ 45kg Đến 50kg\r\n🌹L Từ 50kg Đến 55kg \r\n🌹XL Từ 55kg Đến 60kg \r\n🌹2XL Từ 60kg Đến 65kg\r\n\r\nThương Hiệu: Qianzi Qianya\r\nLoại Váy: Váy Chữ A\r\nChiều Dài Váy: Váy Dài Vừa\r\nChiều Dài Tay Áo: Dài Tay\r\nYếu Tố Phổ Biến: Màu Tinh Khiết, Khâu\r\nVải/Chất Liệu: Khác/Polyester (Sợi Polyester)\r\nHàm Lượng Thành Phần: 71% (Bao Gồm)-80% (Bao Gồm)\r\n☀️một Số Mặt Hàng Đặt Trước Có Hàng Sau 7 Ngày Đến 15 Ngày \r\n🔹 Quy Định Đổi Trả Hàng\r\n🔹 ♥️ Sản Phẩm Bị Lỗi Do Shop: Shop Có Trách Nhiệm 1 Đổi 1 Trong Vòng 03 Ngày Kể Từ Ngày Khách Nhận Được Hàng ( Sản Phẩm Còn Nguyên Tem Giá & Nhãn Mác ) ♥️ Chưa Qua Sử Dụng Giặt Ủi & Chỉnh Sửa. ♥️ Hãy Liên Hệ Với Shop Qua Mục Chat Trên Shopee Để Được Hướng Dẫn Về Phương Thức Đổi Hàng Và Xác Nhận Trường Hợp Đủ Điều Kiện Theo Chính Sách.', 'BST\\thu5.jpg', 3),
(36, 'thu 6', 689000, 'Kích Cỡ :  \r\n🌹S Từ 40kg Đến 45kg \r\n🌹M Từ 45kg Đến 50kg\r\n🌹L Từ 50kg Đến 55kg \r\n🌹XL Từ 55kg Đến 60kg \r\n🌹2XL Từ 60kg Đến 65kg\r\n\r\nThương Hiệu: Qianzi Qianya\r\nLoại Váy: Váy Chữ A\r\nChiều Dài Váy: Váy Dài Vừa\r\nChiều Dài Tay Áo: Dài Tay\r\nYếu Tố Phổ Biến: Màu Tinh Khiết, Khâu\r\nVải/Chất Liệu: Khác/Polyester (Sợi Polyester)\r\nHàm Lượng Thành Phần: 71% (Bao Gồm)-80% (Bao Gồm)\r\n☀️một Số Mặt Hàng Đặt Trước Có Hàng Sau 7 Ngày Đến 15 Ngày \r\n🔹 Quy Định Đổi Trả Hàng\r\n🔹 ♥️ Sản Phẩm Bị Lỗi Do Shop: Shop Có Trách Nhiệm 1 Đổi 1 Trong Vòng 03 Ngày Kể Từ Ngày Khách Nhận Được Hàng ( Sản Phẩm Còn Nguyên Tem Giá & Nhãn Mác ) ♥️ Chưa Qua Sử Dụng Giặt Ủi & Chỉnh Sửa. ♥️ Hãy Liên Hệ Với Shop Qua Mục Chat Trên Shopee Để Được Hướng Dẫn Về Phương Thức Đổi Hàng Và Xác Nhận Trường Hợp Đủ Điều Kiện Theo Chính Sách.', 'BST\\thu6.jpg', 3),
(37, 'thu 7', 689000, 'Kích Cỡ :  \r\n🌹S Từ 40kg Đến 45kg \r\n🌹M Từ 45kg Đến 50kg\r\n🌹L Từ 50kg Đến 55kg \r\n🌹XL Từ 55kg Đến 60kg \r\n🌹2XL Từ 60kg Đến 65kg\r\n\r\nThương Hiệu: Qianzi Qianya\r\nLoại Váy: Váy Chữ A\r\nChiều Dài Váy: Váy Dài Vừa\r\nChiều Dài Tay Áo: Dài Tay\r\nYếu Tố Phổ Biến: Màu Tinh Khiết, Khâu\r\nVải/Chất Liệu: Khác/Polyester (Sợi Polyester)\r\nHàm Lượng Thành Phần: 71% (Bao Gồm)-80% (Bao Gồm)\r\n☀️một Số Mặt Hàng Đặt Trước Có Hàng Sau 7 Ngày Đến 15 Ngày \r\n🔹 Quy Định Đổi Trả Hàng\r\n🔹 ♥️ Sản Phẩm Bị Lỗi Do Shop: Shop Có Trách Nhiệm 1 Đổi 1 Trong Vòng 03 Ngày Kể Từ Ngày Khách Nhận Được Hàng ( Sản Phẩm Còn Nguyên Tem Giá & Nhãn Mác ) ♥️ Chưa Qua Sử Dụng Giặt Ủi & Chỉnh Sửa. ♥️ Hãy Liên Hệ Với Shop Qua Mục Chat Trên Shopee Để Được Hướng Dẫn Về Phương Thức Đổi Hàng Và Xác Nhận Trường Hợp Đủ Điều Kiện Theo Chính Sách.', 'BST\\thu7.jpg', 3),
(38, 'thu 8', 689000, 'Kích Cỡ :  \r\n🌹S Từ 40kg Đến 45kg \r\n🌹M Từ 45kg Đến 50kg\r\n🌹L Từ 50kg Đến 55kg \r\n🌹XL Từ 55kg Đến 60kg \r\n🌹2XL Từ 60kg Đến 65kg\r\n\r\nThương Hiệu: Qianzi Qianya\r\nLoại Váy: Váy Chữ A\r\nChiều Dài Váy: Váy Dài Vừa\r\nChiều Dài Tay Áo: Dài Tay\r\nYếu Tố Phổ Biến: Màu Tinh Khiết, Khâu\r\nVải/Chất Liệu: Khác/Polyester (Sợi Polyester)\r\nHàm Lượng Thành Phần: 71% (Bao Gồm)-80% (Bao Gồm)\r\n☀️một Số Mặt Hàng Đặt Trước Có Hàng Sau 7 Ngày Đến 15 Ngày \r\n🔹 Quy Định Đổi Trả Hàng\r\n🔹 ♥️ Sản Phẩm Bị Lỗi Do Shop: Shop Có Trách Nhiệm 1 Đổi 1 Trong Vòng 03 Ngày Kể Từ Ngày Khách Nhận Được Hàng ( Sản Phẩm Còn Nguyên Tem Giá & Nhãn Mác ) ♥️ Chưa Qua Sử Dụng Giặt Ủi & Chỉnh Sửa. ♥️ Hãy Liên Hệ Với Shop Qua Mục Chat Trên Shopee Để Được Hướng Dẫn Về Phương Thức Đổi Hàng Và Xác Nhận Trường Hợp Đủ Điều Kiện Theo Chính Sách.', 'BST\\thu8.jpg', 3),
(39, 'thu 9', 689000, 'Kích Cỡ :  \r\n🌹S Từ 40kg Đến 45kg \r\n🌹M Từ 45kg Đến 50kg\r\n🌹L Từ 50kg Đến 55kg \r\n🌹XL Từ 55kg Đến 60kg \r\n🌹2XL Từ 60kg Đến 65kg\r\n\r\nThương Hiệu: Qianzi Qianya\r\nLoại Váy: Váy Chữ A\r\nChiều Dài Váy: Váy Dài Vừa\r\nChiều Dài Tay Áo: Dài Tay\r\nYếu Tố Phổ Biến: Màu Tinh Khiết, Khâu\r\nVải/Chất Liệu: Khác/Polyester (Sợi Polyester)\r\nHàm Lượng Thành Phần: 71% (Bao Gồm)-80% (Bao Gồm)\r\n☀️một Số Mặt Hàng Đặt Trước Có Hàng Sau 7 Ngày Đến 15 Ngày \r\n🔹 Quy Định Đổi Trả Hàng\r\n🔹 ♥️ Sản Phẩm Bị Lỗi Do Shop: Shop Có Trách Nhiệm 1 Đổi 1 Trong Vòng 03 Ngày Kể Từ Ngày Khách Nhận Được Hàng ( Sản Phẩm Còn Nguyên Tem Giá & Nhãn Mác ) ♥️ Chưa Qua Sử Dụng Giặt Ủi & Chỉnh Sửa. ♥️ Hãy Liên Hệ Với Shop Qua Mục Chat Trên Shopee Để Được Hướng Dẫn Về Phương Thức Đổi Hàng Và Xác Nhận Trường Hợp Đủ Điều Kiện Theo Chính Sách.', 'BST\\thu9.jpg', 3),
(40, 'thu 10', 689000, 'Kích Cỡ :  \r\n🌹S Từ 40kg Đến 45kg \r\n🌹M Từ 45kg Đến 50kg\r\n🌹L Từ 50kg Đến 55kg \r\n🌹XL Từ 55kg Đến 60kg \r\n🌹2XL Từ 60kg Đến 65kg\r\n\r\nThương Hiệu: Qianzi Qianya\r\nLoại Váy: Váy Chữ A\r\nChiều Dài Váy: Váy Dài Vừa\r\nChiều Dài Tay Áo: Dài Tay\r\nYếu Tố Phổ Biến: Màu Tinh Khiết, Khâu\r\nVải/Chất Liệu: Khác/Polyester (Sợi Polyester)\r\nHàm Lượng Thành Phần: 71% (Bao Gồm)-80% (Bao Gồm)\r\n☀️một Số Mặt Hàng Đặt Trước Có Hàng Sau 7 Ngày Đến 15 Ngày \r\n🔹 Quy Định Đổi Trả Hàng\r\n🔹 ♥️ Sản Phẩm Bị Lỗi Do Shop: Shop Có Trách Nhiệm 1 Đổi 1 Trong Vòng 03 Ngày Kể Từ Ngày Khách Nhận Được Hàng ( Sản Phẩm Còn Nguyên Tem Giá & Nhãn Mác ) ♥️ Chưa Qua Sử Dụng Giặt Ủi & Chỉnh Sửa. ♥️ Hãy Liên Hệ Với Shop Qua Mục Chat Trên Shopee Để Được Hướng Dẫn Về Phương Thức Đổi Hàng Và Xác Nhận Trường Hợp Đủ Điều Kiện Theo Chính Sách.', 'BST\\thu10.jpg', 3),
(41, 'thu 11', 689000, 'Kích Cỡ :  \r\n🌹S Từ 40kg Đến 45kg \r\n🌹M Từ 45kg Đến 50kg\r\n🌹L Từ 50kg Đến 55kg \r\n🌹XL Từ 55kg Đến 60kg \r\n🌹2XL Từ 60kg Đến 65kg\r\n\r\nThương Hiệu: Qianzi Qianya\r\nLoại Váy: Váy Chữ A\r\nChiều Dài Váy: Váy Dài Vừa\r\nChiều Dài Tay Áo: Dài Tay\r\nYếu Tố Phổ Biến: Màu Tinh Khiết, Khâu\r\nVải/Chất Liệu: Khác/Polyester (Sợi Polyester)\r\nHàm Lượng Thành Phần: 71% (Bao Gồm)-80% (Bao Gồm)\r\n☀️một Số Mặt Hàng Đặt Trước Có Hàng Sau 7 Ngày Đến 15 Ngày \r\n🔹 Quy Định Đổi Trả Hàng\r\n🔹 ♥️ Sản Phẩm Bị Lỗi Do Shop: Shop Có Trách Nhiệm 1 Đổi 1 Trong Vòng 03 Ngày Kể Từ Ngày Khách Nhận Được Hàng ( Sản Phẩm Còn Nguyên Tem Giá & Nhãn Mác ) ♥️ Chưa Qua Sử Dụng Giặt Ủi & Chỉnh Sửa. ♥️ Hãy Liên Hệ Với Shop Qua Mục Chat Trên Shopee Để Được Hướng Dẫn Về Phương Thức Đổi Hàng Và Xác Nhận Trường Hợp Đủ Điều Kiện Theo Chính Sách.', 'BST\\thu11.jpg', 3),
(42, 'thu 12', 689000, 'Kích Cỡ :  \r\n🌹S Từ 40kg Đến 45kg \r\n🌹M Từ 45kg Đến 50kg\r\n🌹L Từ 50kg Đến 55kg \r\n🌹XL Từ 55kg Đến 60kg \r\n🌹2XL Từ 60kg Đến 65kg\r\n\r\nThương Hiệu: Qianzi Qianya\r\nLoại Váy: Váy Chữ A\r\nChiều Dài Váy: Váy Dài Vừa\r\nChiều Dài Tay Áo: Dài Tay\r\nYếu Tố Phổ Biến: Màu Tinh Khiết, Khâu\r\nVải/Chất Liệu: Khác/Polyester (Sợi Polyester)\r\nHàm Lượng Thành Phần: 71% (Bao Gồm)-80% (Bao Gồm)\r\n☀️một Số Mặt Hàng Đặt Trước Có Hàng Sau 7 Ngày Đến 15 Ngày \r\n🔹 Quy Định Đổi Trả Hàng\r\n🔹 ♥️ Sản Phẩm Bị Lỗi Do Shop: Shop Có Trách Nhiệm 1 Đổi 1 Trong Vòng 03 Ngày Kể Từ Ngày Khách Nhận Được Hàng ( Sản Phẩm Còn Nguyên Tem Giá & Nhãn Mác ) ♥️ Chưa Qua Sử Dụng Giặt Ủi & Chỉnh Sửa. ♥️ Hãy Liên Hệ Với Shop Qua Mục Chat Trên Shopee Để Được Hướng Dẫn Về Phương Thức Đổi Hàng Và Xác Nhận Trường Hợp Đủ Điều Kiện Theo Chính Sách.', 'BST\\thu12.jpg', 3),
(43, 'thu 13', 689000, 'Kích Cỡ :  \r\n🌹S Từ 40kg Đến 45kg \r\n🌹M Từ 45kg Đến 50kg\r\n🌹L Từ 50kg Đến 55kg \r\n🌹XL Từ 55kg Đến 60kg \r\n🌹2XL Từ 60kg Đến 65kg\r\n\r\nThương Hiệu: Qianzi Qianya\r\nLoại Váy: Váy Chữ A\r\nChiều Dài Váy: Váy Dài Vừa\r\nChiều Dài Tay Áo: Dài Tay\r\nYếu Tố Phổ Biến: Màu Tinh Khiết, Khâu\r\nVải/Chất Liệu: Khác/Polyester (Sợi Polyester)\r\nHàm Lượng Thành Phần: 71% (Bao Gồm)-80% (Bao Gồm)\r\n☀️một Số Mặt Hàng Đặt Trước Có Hàng Sau 7 Ngày Đến 15 Ngày \r\n🔹 Quy Định Đổi Trả Hàng\r\n🔹 ♥️ Sản Phẩm Bị Lỗi Do Shop: Shop Có Trách Nhiệm 1 Đổi 1 Trong Vòng 03 Ngày Kể Từ Ngày Khách Nhận Được Hàng ( Sản Phẩm Còn Nguyên Tem Giá & Nhãn Mác ) ♥️ Chưa Qua Sử Dụng Giặt Ủi & Chỉnh Sửa. ♥️ Hãy Liên Hệ Với Shop Qua Mục Chat Trên Shopee Để Được Hướng Dẫn Về Phương Thức Đổi Hàng Và Xác Nhận Trường Hợp Đủ Điều Kiện Theo Chính Sách.', 'BST\\thu13.jpg', 3),
(44, 'đông 1', 689000, 'Kích Cỡ :  \r\n🌹S Từ 40kg Đến 45kg \r\n🌹M Từ 45kg Đến 50kg\r\n🌹L Từ 50kg Đến 55kg \r\n🌹XL Từ 55kg Đến 60kg \r\n🌹2XL Từ 60kg Đến 65kg\r\n\r\nThương Hiệu: Qianzi Qianya\r\nLoại Váy: Váy Chữ A\r\nChiều Dài Váy: Váy Dài Vừa\r\nChiều Dài Tay Áo: Dài Tay\r\nYếu Tố Phổ Biến: Màu Tinh Khiết, Khâu\r\nVải/Chất Liệu: Khác/Polyester (Sợi Polyester)\r\nHàm Lượng Thành Phần: 71% (Bao Gồm)-80% (Bao Gồm)\r\n☀️một Số Mặt Hàng Đặt Trước Có Hàng Sau 7 Ngày Đến 15 Ngày \r\n🔹 Quy Định Đổi Trả Hàng\r\n🔹 ♥️ Sản Phẩm Bị Lỗi Do Shop: Shop Có Trách Nhiệm 1 Đổi 1 Trong Vòng 03 Ngày Kể Từ Ngày Khách Nhận Được Hàng ( Sản Phẩm Còn Nguyên Tem Giá & Nhãn Mác ) ♥️ Chưa Qua Sử Dụng Giặt Ủi & Chỉnh Sửa. ♥️ Hãy Liên Hệ Với Shop Qua Mục Chat Trên Shopee Để Được Hướng Dẫn Về Phương Thức Đổi Hàng Và Xác Nhận Trường Hợp Đủ Điều Kiện Theo Chính Sách.', 'BST\\dong1.jpg', 4),
(45, 'đông 2', 689000, 'Kích Cỡ :  \r\n🌹S Từ 40kg Đến 45kg \r\n🌹M Từ 45kg Đến 50kg\r\n🌹L Từ 50kg Đến 55kg \r\n🌹XL Từ 55kg Đến 60kg \r\n🌹2XL Từ 60kg Đến 65kg\r\n\r\nThương Hiệu: Qianzi Qianya\r\nLoại Váy: Váy Chữ A\r\nChiều Dài Váy: Váy Dài Vừa\r\nChiều Dài Tay Áo: Dài Tay\r\nYếu Tố Phổ Biến: Màu Tinh Khiết, Khâu\r\nVải/Chất Liệu: Khác/Polyester (Sợi Polyester)\r\nHàm Lượng Thành Phần: 71% (Bao Gồm)-80% (Bao Gồm)\r\n☀️một Số Mặt Hàng Đặt Trước Có Hàng Sau 7 Ngày Đến 15 Ngày \r\n🔹 Quy Định Đổi Trả Hàng\r\n🔹 ♥️ Sản Phẩm Bị Lỗi Do Shop: Shop Có Trách Nhiệm 1 Đổi 1 Trong Vòng 03 Ngày Kể Từ Ngày Khách Nhận Được Hàng ( Sản Phẩm Còn Nguyên Tem Giá & Nhãn Mác ) ♥️ Chưa Qua Sử Dụng Giặt Ủi & Chỉnh Sửa. ♥️ Hãy Liên Hệ Với Shop Qua Mục Chat Trên Shopee Để Được Hướng Dẫn Về Phương Thức Đổi Hàng Và Xác Nhận Trường Hợp Đủ Điều Kiện Theo Chính Sách.', 'BST\\dong2.jpg', 4),
(46, 'đông 3', 689000, 'Kích Cỡ :  \r\n🌹S Từ 40kg Đến 45kg \r\n🌹M Từ 45kg Đến 50kg\r\n🌹L Từ 50kg Đến 55kg \r\n🌹XL Từ 55kg Đến 60kg \r\n🌹2XL Từ 60kg Đến 65kg\r\n\r\nThương Hiệu: Qianzi Qianya\r\nLoại Váy: Váy Chữ A\r\nChiều Dài Váy: Váy Dài Vừa\r\nChiều Dài Tay Áo: Dài Tay\r\nYếu Tố Phổ Biến: Màu Tinh Khiết, Khâu\r\nVải/Chất Liệu: Khác/Polyester (Sợi Polyester)\r\nHàm Lượng Thành Phần: 71% (Bao Gồm)-80% (Bao Gồm)\r\n☀️một Số Mặt Hàng Đặt Trước Có Hàng Sau 7 Ngày Đến 15 Ngày \r\n🔹 Quy Định Đổi Trả Hàng\r\n🔹 ♥️ Sản Phẩm Bị Lỗi Do Shop: Shop Có Trách Nhiệm 1 Đổi 1 Trong Vòng 03 Ngày Kể Từ Ngày Khách Nhận Được Hàng ( Sản Phẩm Còn Nguyên Tem Giá & Nhãn Mác ) ♥️ Chưa Qua Sử Dụng Giặt Ủi & Chỉnh Sửa. ♥️ Hãy Liên Hệ Với Shop Qua Mục Chat Trên Shopee Để Được Hướng Dẫn Về Phương Thức Đổi Hàng Và Xác Nhận Trường Hợp Đủ Điều Kiện Theo Chính Sách.', 'BST\\dong3.jpg', 4),
(47, 'đông 4', 689000, 'Kích Cỡ :  \r\n🌹S Từ 40kg Đến 45kg \r\n🌹M Từ 45kg Đến 50kg\r\n🌹L Từ 50kg Đến 55kg \r\n🌹XL Từ 55kg Đến 60kg \r\n🌹2XL Từ 60kg Đến 65kg\r\n\r\nThương Hiệu: Qianzi Qianya\r\nLoại Váy: Váy Chữ A\r\nChiều Dài Váy: Váy Dài Vừa\r\nChiều Dài Tay Áo: Dài Tay\r\nYếu Tố Phổ Biến: Màu Tinh Khiết, Khâu\r\nVải/Chất Liệu: Khác/Polyester (Sợi Polyester)\r\nHàm Lượng Thành Phần: 71% (Bao Gồm)-80% (Bao Gồm)\r\n☀️một Số Mặt Hàng Đặt Trước Có Hàng Sau 7 Ngày Đến 15 Ngày \r\n🔹 Quy Định Đổi Trả Hàng\r\n🔹 ♥️ Sản Phẩm Bị Lỗi Do Shop: Shop Có Trách Nhiệm 1 Đổi 1 Trong Vòng 03 Ngày Kể Từ Ngày Khách Nhận Được Hàng ( Sản Phẩm Còn Nguyên Tem Giá & Nhãn Mác ) ♥️ Chưa Qua Sử Dụng Giặt Ủi & Chỉnh Sửa. ♥️ Hãy Liên Hệ Với Shop Qua Mục Chat Trên Shopee Để Được Hướng Dẫn Về Phương Thức Đổi Hàng Và Xác Nhận Trường Hợp Đủ Điều Kiện Theo Chính Sách.', 'BST\\dong4.jpg', 4),
(48, 'đông 5', 689000, 'Kích Cỡ :  \r\n🌹S Từ 40kg Đến 45kg \r\n🌹M Từ 45kg Đến 50kg\r\n🌹L Từ 50kg Đến 55kg \r\n🌹XL Từ 55kg Đến 60kg \r\n🌹2XL Từ 60kg Đến 65kg\r\n\r\nThương Hiệu: Qianzi Qianya\r\nLoại Váy: Váy Chữ A\r\nChiều Dài Váy: Váy Dài Vừa\r\nChiều Dài Tay Áo: Dài Tay\r\nYếu Tố Phổ Biến: Màu Tinh Khiết, Khâu\r\nVải/Chất Liệu: Khác/Polyester (Sợi Polyester)\r\nHàm Lượng Thành Phần: 71% (Bao Gồm)-80% (Bao Gồm)\r\n☀️một Số Mặt Hàng Đặt Trước Có Hàng Sau 7 Ngày Đến 15 Ngày \r\n🔹 Quy Định Đổi Trả Hàng\r\n🔹 ♥️ Sản Phẩm Bị Lỗi Do Shop: Shop Có Trách Nhiệm 1 Đổi 1 Trong Vòng 03 Ngày Kể Từ Ngày Khách Nhận Được Hàng ( Sản Phẩm Còn Nguyên Tem Giá & Nhãn Mác ) ♥️ Chưa Qua Sử Dụng Giặt Ủi & Chỉnh Sửa. ♥️ Hãy Liên Hệ Với Shop Qua Mục Chat Trên Shopee Để Được Hướng Dẫn Về Phương Thức Đổi Hàng Và Xác Nhận Trường Hợp Đủ Điều Kiện Theo Chính Sách.', 'BST\\dong5.jpg', 4),
(49, 'đông 6', 689000, 'Kích Cỡ :  \r\n🌹S Từ 40kg Đến 45kg \r\n🌹M Từ 45kg Đến 50kg\r\n🌹L Từ 50kg Đến 55kg \r\n🌹XL Từ 55kg Đến 60kg \r\n🌹2XL Từ 60kg Đến 65kg\r\n\r\nThương Hiệu: Qianzi Qianya\r\nLoại Váy: Váy Chữ A\r\nChiều Dài Váy: Váy Dài Vừa\r\nChiều Dài Tay Áo: Dài Tay\r\nYếu Tố Phổ Biến: Màu Tinh Khiết, Khâu\r\nVải/Chất Liệu: Khác/Polyester (Sợi Polyester)\r\nHàm Lượng Thành Phần: 71% (Bao Gồm)-80% (Bao Gồm)\r\n☀️một Số Mặt Hàng Đặt Trước Có Hàng Sau 7 Ngày Đến 15 Ngày \r\n🔹 Quy Định Đổi Trả Hàng\r\n🔹 ♥️ Sản Phẩm Bị Lỗi Do Shop: Shop Có Trách Nhiệm 1 Đổi 1 Trong Vòng 03 Ngày Kể Từ Ngày Khách Nhận Được Hàng ( Sản Phẩm Còn Nguyên Tem Giá & Nhãn Mác ) ♥️ Chưa Qua Sử Dụng Giặt Ủi & Chỉnh Sửa. ♥️ Hãy Liên Hệ Với Shop Qua Mục Chat Trên Shopee Để Được Hướng Dẫn Về Phương Thức Đổi Hàng Và Xác Nhận Trường Hợp Đủ Điều Kiện Theo Chính Sách.', 'BST\\dong6.jpg', 4),
(50, 'đông 7', 689000, 'Kích Cỡ :  \r\n🌹S Từ 40kg Đến 45kg \r\n🌹M Từ 45kg Đến 50kg\r\n🌹L Từ 50kg Đến 55kg \r\n🌹XL Từ 55kg Đến 60kg \r\n🌹2XL Từ 60kg Đến 65kg\r\n\r\nThương Hiệu: Qianzi Qianya\r\nLoại Váy: Váy Chữ A\r\nChiều Dài Váy: Váy Dài Vừa\r\nChiều Dài Tay Áo: Dài Tay\r\nYếu Tố Phổ Biến: Màu Tinh Khiết, Khâu\r\nVải/Chất Liệu: Khác/Polyester (Sợi Polyester)\r\nHàm Lượng Thành Phần: 71% (Bao Gồm)-80% (Bao Gồm)\r\n☀️một Số Mặt Hàng Đặt Trước Có Hàng Sau 7 Ngày Đến 15 Ngày \r\n🔹 Quy Định Đổi Trả Hàng\r\n🔹 ♥️ Sản Phẩm Bị Lỗi Do Shop: Shop Có Trách Nhiệm 1 Đổi 1 Trong Vòng 03 Ngày Kể Từ Ngày Khách Nhận Được Hàng ( Sản Phẩm Còn Nguyên Tem Giá & Nhãn Mác ) ♥️ Chưa Qua Sử Dụng Giặt Ủi & Chỉnh Sửa. ♥️ Hãy Liên Hệ Với Shop Qua Mục Chat Trên Shopee Để Được Hướng Dẫn Về Phương Thức Đổi Hàng Và Xác Nhận Trường Hợp Đủ Điều Kiện Theo Chính Sách.', 'BST\\dong7.jpg', 4),
(51, 'đông 8', 689000, 'Kích Cỡ :  \r\n🌹S Từ 40kg Đến 45kg \r\n🌹M Từ 45kg Đến 50kg\r\n🌹L Từ 50kg Đến 55kg \r\n🌹XL Từ 55kg Đến 60kg \r\n🌹2XL Từ 60kg Đến 65kg\r\n\r\nThương Hiệu: Qianzi Qianya\r\nLoại Váy: Váy Chữ A\r\nChiều Dài Váy: Váy Dài Vừa\r\nChiều Dài Tay Áo: Dài Tay\r\nYếu Tố Phổ Biến: Màu Tinh Khiết, Khâu\r\nVải/Chất Liệu: Khác/Polyester (Sợi Polyester)\r\nHàm Lượng Thành Phần: 71% (Bao Gồm)-80% (Bao Gồm)\r\n☀️một Số Mặt Hàng Đặt Trước Có Hàng Sau 7 Ngày Đến 15 Ngày \r\n🔹 Quy Định Đổi Trả Hàng\r\n🔹 ♥️ Sản Phẩm Bị Lỗi Do Shop: Shop Có Trách Nhiệm 1 Đổi 1 Trong Vòng 03 Ngày Kể Từ Ngày Khách Nhận Được Hàng ( Sản Phẩm Còn Nguyên Tem Giá & Nhãn Mác ) ♥️ Chưa Qua Sử Dụng Giặt Ủi & Chỉnh Sửa. ♥️ Hãy Liên Hệ Với Shop Qua Mục Chat Trên Shopee Để Được Hướng Dẫn Về Phương Thức Đổi Hàng Và Xác Nhận Trường Hợp Đủ Điều Kiện Theo Chính Sách.', 'BST\\dong8.jpg', 4),
(52, 'đông 9', 689000, 'Kích Cỡ :  \r\n🌹S Từ 40kg Đến 45kg \r\n🌹M Từ 45kg Đến 50kg\r\n🌹L Từ 50kg Đến 55kg \r\n🌹XL Từ 55kg Đến 60kg \r\n🌹2XL Từ 60kg Đến 65kg\r\n\r\nThương Hiệu: Qianzi Qianya\r\nLoại Váy: Váy Chữ A\r\nChiều Dài Váy: Váy Dài Vừa\r\nChiều Dài Tay Áo: Dài Tay\r\nYếu Tố Phổ Biến: Màu Tinh Khiết, Khâu\r\nVải/Chất Liệu: Khác/Polyester (Sợi Polyester)\r\nHàm Lượng Thành Phần: 71% (Bao Gồm)-80% (Bao Gồm)\r\n☀️một Số Mặt Hàng Đặt Trước Có Hàng Sau 7 Ngày Đến 15 Ngày \r\n🔹 Quy Định Đổi Trả Hàng\r\n🔹 ♥️ Sản Phẩm Bị Lỗi Do Shop: Shop Có Trách Nhiệm 1 Đổi 1 Trong Vòng 03 Ngày Kể Từ Ngày Khách Nhận Được Hàng ( Sản Phẩm Còn Nguyên Tem Giá & Nhãn Mác ) ♥️ Chưa Qua Sử Dụng Giặt Ủi & Chỉnh Sửa. ♥️ Hãy Liên Hệ Với Shop Qua Mục Chat Trên Shopee Để Được Hướng Dẫn Về Phương Thức Đổi Hàng Và Xác Nhận Trường Hợp Đủ Điều Kiện Theo Chính Sách.', 'BST\\dong9.jpg', 4),
(53, 'đông 10', 689000, 'Kích Cỡ :  \r\n🌹S Từ 40kg Đến 45kg \r\n🌹M Từ 45kg Đến 50kg\r\n🌹L Từ 50kg Đến 55kg \r\n🌹XL Từ 55kg Đến 60kg \r\n🌹2XL Từ 60kg Đến 65kg\r\n\r\nThương Hiệu: Qianzi Qianya\r\nLoại Váy: Váy Chữ A\r\nChiều Dài Váy: Váy Dài Vừa\r\nChiều Dài Tay Áo: Dài Tay\r\nYếu Tố Phổ Biến: Màu Tinh Khiết, Khâu\r\nVải/Chất Liệu: Khác/Polyester (Sợi Polyester)\r\nHàm Lượng Thành Phần: 71% (Bao Gồm)-80% (Bao Gồm)\r\n☀️một Số Mặt Hàng Đặt Trước Có Hàng Sau 7 Ngày Đến 15 Ngày \r\n🔹 Quy Định Đổi Trả Hàng\r\n🔹 ♥️ Sản Phẩm Bị Lỗi Do Shop: Shop Có Trách Nhiệm 1 Đổi 1 Trong Vòng 03 Ngày Kể Từ Ngày Khách Nhận Được Hàng ( Sản Phẩm Còn Nguyên Tem Giá & Nhãn Mác ) ♥️ Chưa Qua Sử Dụng Giặt Ủi & Chỉnh Sửa. ♥️ Hãy Liên Hệ Với Shop Qua Mục Chat Trên Shopee Để Được Hướng Dẫn Về Phương Thức Đổi Hàng Và Xác Nhận Trường Hợp Đủ Điều Kiện Theo Chính Sách.', 'BST\\dong10.jpg', 4),
(54, 'đông 11', 689000, 'Kích Cỡ :  \r\n🌹S Từ 40kg Đến 45kg \r\n🌹M Từ 45kg Đến 50kg\r\n🌹L Từ 50kg Đến 55kg \r\n🌹XL Từ 55kg Đến 60kg \r\n🌹2XL Từ 60kg Đến 65kg\r\n\r\nThương Hiệu: Qianzi Qianya\r\nLoại Váy: Váy Chữ A\r\nChiều Dài Váy: Váy Dài Vừa\r\nChiều Dài Tay Áo: Dài Tay\r\nYếu Tố Phổ Biến: Màu Tinh Khiết, Khâu\r\nVải/Chất Liệu: Khác/Polyester (Sợi Polyester)\r\nHàm Lượng Thành Phần: 71% (Bao Gồm)-80% (Bao Gồm)\r\n☀️một Số Mặt Hàng Đặt Trước Có Hàng Sau 7 Ngày Đến 15 Ngày \r\n🔹 Quy Định Đổi Trả Hàng\r\n🔹 ♥️ Sản Phẩm Bị Lỗi Do Shop: Shop Có Trách Nhiệm 1 Đổi 1 Trong Vòng 03 Ngày Kể Từ Ngày Khách Nhận Được Hàng ( Sản Phẩm Còn Nguyên Tem Giá & Nhãn Mác ) ♥️ Chưa Qua Sử Dụng Giặt Ủi & Chỉnh Sửa. ♥️ Hãy Liên Hệ Với Shop Qua Mục Chat Trên Shopee Để Được Hướng Dẫn Về Phương Thức Đổi Hàng Và Xác Nhận Trường Hợp Đủ Điều Kiện Theo Chính Sách.', 'BST\\dong11.jpg', 4),
(55, 'đông 12', 689000, 'Kích Cỡ :  \r\n🌹S Từ 40kg Đến 45kg \r\n🌹M Từ 45kg Đến 50kg\r\n🌹L Từ 50kg Đến 55kg \r\n🌹XL Từ 55kg Đến 60kg \r\n🌹2XL Từ 60kg Đến 65kg\r\n\r\nThương Hiệu: Qianzi Qianya\r\nLoại Váy: Váy Chữ A\r\nChiều Dài Váy: Váy Dài Vừa\r\nChiều Dài Tay Áo: Dài Tay\r\nYếu Tố Phổ Biến: Màu Tinh Khiết, Khâu\r\nVải/Chất Liệu: Khác/Polyester (Sợi Polyester)\r\nHàm Lượng Thành Phần: 71% (Bao Gồm)-80% (Bao Gồm)\r\n☀️một Số Mặt Hàng Đặt Trước Có Hàng Sau 7 Ngày Đến 15 Ngày \r\n🔹 Quy Định Đổi Trả Hàng\r\n🔹 ♥️ Sản Phẩm Bị Lỗi Do Shop: Shop Có Trách Nhiệm 1 Đổi 1 Trong Vòng 03 Ngày Kể Từ Ngày Khách Nhận Được Hàng ( Sản Phẩm Còn Nguyên Tem Giá & Nhãn Mác ) ♥️ Chưa Qua Sử Dụng Giặt Ủi & Chỉnh Sửa. ♥️ Hãy Liên Hệ Với Shop Qua Mục Chat Trên Shopee Để Được Hướng Dẫn Về Phương Thức Đổi Hàng Và Xác Nhận Trường Hợp Đủ Điều Kiện Theo Chính Sách.', 'BST\\dong12.jpg', 4),
(56, 'đông 13', 689000, 'Kích Cỡ :  \r\n🌹S Từ 40kg Đến 45kg \r\n🌹M Từ 45kg Đến 50kg\r\n🌹L Từ 50kg Đến 55kg \r\n🌹XL Từ 55kg Đến 60kg \r\n🌹2XL Từ 60kg Đến 65kg\r\n\r\nThương Hiệu: Qianzi Qianya\r\nLoại Váy: Váy Chữ A\r\nChiều Dài Váy: Váy Dài Vừa\r\nChiều Dài Tay Áo: Dài Tay\r\nYếu Tố Phổ Biến: Màu Tinh Khiết, Khâu\r\nVải/Chất Liệu: Khác/Polyester (Sợi Polyester)\r\nHàm Lượng Thành Phần: 71% (Bao Gồm)-80% (Bao Gồm)\r\n☀️một Số Mặt Hàng Đặt Trước Có Hàng Sau 7 Ngày Đến 15 Ngày \r\n🔹 Quy Định Đổi Trả Hàng\r\n🔹 ♥️ Sản Phẩm Bị Lỗi Do Shop: Shop Có Trách Nhiệm 1 Đổi 1 Trong Vòng 03 Ngày Kể Từ Ngày Khách Nhận Được Hàng ( Sản Phẩm Còn Nguyên Tem Giá & Nhãn Mác ) ♥️ Chưa Qua Sử Dụng Giặt Ủi & Chỉnh Sửa. ♥️ Hãy Liên Hệ Với Shop Qua Mục Chat Trên Shopee Để Được Hướng Dẫn Về Phương Thức Đổi Hàng Và Xác Nhận Trường Hợp Đủ Điều Kiện Theo Chính Sách.', 'BST\\dong13.jpg', 4),
(57, 'đông 14', 689000, 'Kích Cỡ :  \r\n🌹S Từ 40kg Đến 45kg \r\n🌹M Từ 45kg Đến 50kg\r\n🌹L Từ 50kg Đến 55kg \r\n🌹XL Từ 55kg Đến 60kg \r\n🌹2XL Từ 60kg Đến 65kg\r\n\r\nThương Hiệu: Qianzi Qianya\r\nLoại Váy: Váy Chữ A\r\nChiều Dài Váy: Váy Dài Vừa\r\nChiều Dài Tay Áo: Dài Tay\r\nYếu Tố Phổ Biến: Màu Tinh Khiết, Khâu\r\nVải/Chất Liệu: Khác/Polyester (Sợi Polyester)\r\nHàm Lượng Thành Phần: 71% (Bao Gồm)-80% (Bao Gồm)\r\n☀️một Số Mặt Hàng Đặt Trước Có Hàng Sau 7 Ngày Đến 15 Ngày \r\n🔹 Quy Định Đổi Trả Hàng\r\n🔹 ♥️ Sản Phẩm Bị Lỗi Do Shop: Shop Có Trách Nhiệm 1 Đổi 1 Trong Vòng 03 Ngày Kể Từ Ngày Khách Nhận Được Hàng ( Sản Phẩm Còn Nguyên Tem Giá & Nhãn Mác ) ♥️ Chưa Qua Sử Dụng Giặt Ủi & Chỉnh Sửa. ♥️ Hãy Liên Hệ Với Shop Qua Mục Chat Trên Shopee Để Được Hướng Dẫn Về Phương Thức Đổi Hàng Và Xác Nhận Trường Hợp Đủ Điều Kiện Theo Chính Sách.', 'BST\\dong14.jpg', 4);
INSERT INTO `shop` (`id_sanpham`, `ten_sanpham`, `gia`, `mo_ta`, `hinh_anh`, `id_bosuutap`) VALUES
(58, 'áo khoác 1', 590000, 'Kích Cỡ :  \r\n🌹S Từ 40kg Đến 45kg \r\n🌹M Từ 45kg Đến 50kg\r\n🌹L Từ 50kg Đến 55kg \r\n🌹XL Từ 55kg Đến 60kg \r\n🌹2XL Từ 60kg Đến 65kg\r\n\r\nThương Hiệu: Qianzi Qianya\r\nLoại Váy: Váy Chữ A\r\nChiều Dài Váy: Váy Dài Vừa\r\nChiều Dài Tay Áo: Dài Tay\r\nYếu Tố Phổ Biến: Màu Tinh Khiết, Khâu\r\nVải/Chất Liệu: Khác/Polyester (Sợi Polyester)\r\nHàm Lượng Thành Phần: 71% (Bao Gồm)-80% (Bao Gồm)\r\n☀️một Số Mặt Hàng Đặt Trước Có Hàng Sau 7 Ngày Đến 15 Ngày \r\n🔹 Quy Định Đổi Trả Hàng\r\n🔹 ♥️ Sản Phẩm Bị Lỗi Do Shop: Shop Có Trách Nhiệm 1 Đổi 1 Trong Vòng 03 Ngày Kể Từ Ngày Khách Nhận Được Hàng ( Sản Phẩm Còn Nguyên Tem Giá & Nhãn Mác ) ♥️ Chưa Qua Sử Dụng Giặt Ủi & Chỉnh Sửa. ♥️ Hãy Liên Hệ Với Shop Qua Mục Chat Trên Shopee Để Được Hướng Dẫn Về Phương Thức Đổi Hàng Và Xác Nhận Trường Hợp Đủ Điều Kiện Theo Chính Sách.', 'BST\\ao1.jpg\"', 5),
(59, 'áo khoác 2', 590000, 'Kích Cỡ :  \r\n🌹S Từ 40kg Đến 45kg \r\n🌹M Từ 45kg Đến 50kg\r\n🌹L Từ 50kg Đến 55kg \r\n🌹XL Từ 55kg Đến 60kg \r\n🌹2XL Từ 60kg Đến 65kg\r\n\r\nThương Hiệu: Qianzi Qianya\r\nLoại Váy: Váy Chữ A\r\nChiều Dài Váy: Váy Dài Vừa\r\nChiều Dài Tay Áo: Dài Tay\r\nYếu Tố Phổ Biến: Màu Tinh Khiết, Khâu\r\nVải/Chất Liệu: Khác/Polyester (Sợi Polyester)\r\nHàm Lượng Thành Phần: 71% (Bao Gồm)-80% (Bao Gồm)\r\n☀️một Số Mặt Hàng Đặt Trước Có Hàng Sau 7 Ngày Đến 15 Ngày \r\n🔹 Quy Định Đổi Trả Hàng\r\n🔹 ♥️ Sản Phẩm Bị Lỗi Do Shop: Shop Có Trách Nhiệm 1 Đổi 1 Trong Vòng 03 Ngày Kể Từ Ngày Khách Nhận Được Hàng ( Sản Phẩm Còn Nguyên Tem Giá & Nhãn Mác ) ♥️ Chưa Qua Sử Dụng Giặt Ủi & Chỉnh Sửa. ♥️ Hãy Liên Hệ Với Shop Qua Mục Chat Trên Shopee Để Được Hướng Dẫn Về Phương Thức Đổi Hàng Và Xác Nhận Trường Hợp Đủ Điều Kiện Theo Chính Sách.', 'BST\\ao2.jpg\"', 5),
(60, 'áo khoác 3', 590000, 'Kích Cỡ :  \r\n🌹S Từ 40kg Đến 45kg \r\n🌹M Từ 45kg Đến 50kg\r\n🌹L Từ 50kg Đến 55kg \r\n🌹XL Từ 55kg Đến 60kg \r\n🌹2XL Từ 60kg Đến 65kg\r\n\r\nThương Hiệu: Qianzi Qianya\r\nLoại Váy: Váy Chữ A\r\nChiều Dài Váy: Váy Dài Vừa\r\nChiều Dài Tay Áo: Dài Tay\r\nYếu Tố Phổ Biến: Màu Tinh Khiết, Khâu\r\nVải/Chất Liệu: Khác/Polyester (Sợi Polyester)\r\nHàm Lượng Thành Phần: 71% (Bao Gồm)-80% (Bao Gồm)\r\n☀️một Số Mặt Hàng Đặt Trước Có Hàng Sau 7 Ngày Đến 15 Ngày \r\n🔹 Quy Định Đổi Trả Hàng\r\n🔹 ♥️ Sản Phẩm Bị Lỗi Do Shop: Shop Có Trách Nhiệm 1 Đổi 1 Trong Vòng 03 Ngày Kể Từ Ngày Khách Nhận Được Hàng ( Sản Phẩm Còn Nguyên Tem Giá & Nhãn Mác ) ♥️ Chưa Qua Sử Dụng Giặt Ủi & Chỉnh Sửa. ♥️ Hãy Liên Hệ Với Shop Qua Mục Chat Trên Shopee Để Được Hướng Dẫn Về Phương Thức Đổi Hàng Và Xác Nhận Trường Hợp Đủ Điều Kiện Theo Chính Sách.', 'BST\\ao3.jpg\"', 5),
(61, 'áo khoác 4', 590000, 'Kích Cỡ :  \r\n🌹S Từ 40kg Đến 45kg \r\n🌹M Từ 45kg Đến 50kg\r\n🌹L Từ 50kg Đến 55kg \r\n🌹XL Từ 55kg Đến 60kg \r\n🌹2XL Từ 60kg Đến 65kg\r\n\r\nThương Hiệu: Qianzi Qianya\r\nLoại Váy: Váy Chữ A\r\nChiều Dài Váy: Váy Dài Vừa\r\nChiều Dài Tay Áo: Dài Tay\r\nYếu Tố Phổ Biến: Màu Tinh Khiết, Khâu\r\nVải/Chất Liệu: Khác/Polyester (Sợi Polyester)\r\nHàm Lượng Thành Phần: 71% (Bao Gồm)-80% (Bao Gồm)\r\n☀️một Số Mặt Hàng Đặt Trước Có Hàng Sau 7 Ngày Đến 15 Ngày \r\n🔹 Quy Định Đổi Trả Hàng\r\n🔹 ♥️ Sản Phẩm Bị Lỗi Do Shop: Shop Có Trách Nhiệm 1 Đổi 1 Trong Vòng 03 Ngày Kể Từ Ngày Khách Nhận Được Hàng ( Sản Phẩm Còn Nguyên Tem Giá & Nhãn Mác ) ♥️ Chưa Qua Sử Dụng Giặt Ủi & Chỉnh Sửa. ♥️ Hãy Liên Hệ Với Shop Qua Mục Chat Trên Shopee Để Được Hướng Dẫn Về Phương Thức Đổi Hàng Và Xác Nhận Trường Hợp Đủ Điều Kiện Theo Chính Sách.', 'BST\\ao4.jpg\"', 5),
(62, 'áo khoác 5', 590000, 'Kích Cỡ :  \r\n🌹S Từ 40kg Đến 45kg \r\n🌹M Từ 45kg Đến 50kg\r\n🌹L Từ 50kg Đến 55kg \r\n🌹XL Từ 55kg Đến 60kg \r\n🌹2XL Từ 60kg Đến 65kg\r\n\r\nThương Hiệu: Qianzi Qianya\r\nLoại Váy: Váy Chữ A\r\nChiều Dài Váy: Váy Dài Vừa\r\nChiều Dài Tay Áo: Dài Tay\r\nYếu Tố Phổ Biến: Màu Tinh Khiết, Khâu\r\nVải/Chất Liệu: Khác/Polyester (Sợi Polyester)\r\nHàm Lượng Thành Phần: 71% (Bao Gồm)-80% (Bao Gồm)\r\n☀️một Số Mặt Hàng Đặt Trước Có Hàng Sau 7 Ngày Đến 15 Ngày \r\n🔹 Quy Định Đổi Trả Hàng\r\n🔹 ♥️ Sản Phẩm Bị Lỗi Do Shop: Shop Có Trách Nhiệm 1 Đổi 1 Trong Vòng 03 Ngày Kể Từ Ngày Khách Nhận Được Hàng ( Sản Phẩm Còn Nguyên Tem Giá & Nhãn Mác ) ♥️ Chưa Qua Sử Dụng Giặt Ủi & Chỉnh Sửa. ♥️ Hãy Liên Hệ Với Shop Qua Mục Chat Trên Shopee Để Được Hướng Dẫn Về Phương Thức Đổi Hàng Và Xác Nhận Trường Hợp Đủ Điều Kiện Theo Chính Sách.', 'BST\\ao5.jpg\"', 5),
(63, 'áo khoác 6', 590000, 'Kích Cỡ :  \r\n🌹S Từ 40kg Đến 45kg \r\n🌹M Từ 45kg Đến 50kg\r\n🌹L Từ 50kg Đến 55kg \r\n🌹XL Từ 55kg Đến 60kg \r\n🌹2XL Từ 60kg Đến 65kg\r\n\r\nThương Hiệu: Qianzi Qianya\r\nLoại Váy: Váy Chữ A\r\nChiều Dài Váy: Váy Dài Vừa\r\nChiều Dài Tay Áo: Dài Tay\r\nYếu Tố Phổ Biến: Màu Tinh Khiết, Khâu\r\nVải/Chất Liệu: Khác/Polyester (Sợi Polyester)\r\nHàm Lượng Thành Phần: 71% (Bao Gồm)-80% (Bao Gồm)\r\n☀️một Số Mặt Hàng Đặt Trước Có Hàng Sau 7 Ngày Đến 15 Ngày \r\n🔹 Quy Định Đổi Trả Hàng\r\n🔹 ♥️ Sản Phẩm Bị Lỗi Do Shop: Shop Có Trách Nhiệm 1 Đổi 1 Trong Vòng 03 Ngày Kể Từ Ngày Khách Nhận Được Hàng ( Sản Phẩm Còn Nguyên Tem Giá & Nhãn Mác ) ♥️ Chưa Qua Sử Dụng Giặt Ủi & Chỉnh Sửa. ♥️ Hãy Liên Hệ Với Shop Qua Mục Chat Trên Shopee Để Được Hướng Dẫn Về Phương Thức Đổi Hàng Và Xác Nhận Trường Hợp Đủ Điều Kiện Theo Chính Sách.', 'BST\\ao6.jpg\"', 5),
(64, 'áo khoác 7', 590000, 'Kích Cỡ :  \r\n🌹S Từ 40kg Đến 45kg \r\n🌹M Từ 45kg Đến 50kg\r\n🌹L Từ 50kg Đến 55kg \r\n🌹XL Từ 55kg Đến 60kg \r\n🌹2XL Từ 60kg Đến 65kg\r\n\r\nThương Hiệu: Qianzi Qianya\r\nLoại Váy: Váy Chữ A\r\nChiều Dài Váy: Váy Dài Vừa\r\nChiều Dài Tay Áo: Dài Tay\r\nYếu Tố Phổ Biến: Màu Tinh Khiết, Khâu\r\nVải/Chất Liệu: Khác/Polyester (Sợi Polyester)\r\nHàm Lượng Thành Phần: 71% (Bao Gồm)-80% (Bao Gồm)\r\n☀️một Số Mặt Hàng Đặt Trước Có Hàng Sau 7 Ngày Đến 15 Ngày \r\n🔹 Quy Định Đổi Trả Hàng\r\n🔹 ♥️ Sản Phẩm Bị Lỗi Do Shop: Shop Có Trách Nhiệm 1 Đổi 1 Trong Vòng 03 Ngày Kể Từ Ngày Khách Nhận Được Hàng ( Sản Phẩm Còn Nguyên Tem Giá & Nhãn Mác ) ♥️ Chưa Qua Sử Dụng Giặt Ủi & Chỉnh Sửa. ♥️ Hãy Liên Hệ Với Shop Qua Mục Chat Trên Shopee Để Được Hướng Dẫn Về Phương Thức Đổi Hàng Và Xác Nhận Trường Hợp Đủ Điều Kiện Theo Chính Sách.', 'BST\\ao7.jpg\"', 5),
(65, 'áo khoác 8', 590000, 'Kích Cỡ :  \r\n🌹S Từ 40kg Đến 45kg \r\n🌹M Từ 45kg Đến 50kg\r\n🌹L Từ 50kg Đến 55kg \r\n🌹XL Từ 55kg Đến 60kg \r\n🌹2XL Từ 60kg Đến 65kg\r\n\r\nThương Hiệu: Qianzi Qianya\r\nLoại Váy: Váy Chữ A\r\nChiều Dài Váy: Váy Dài Vừa\r\nChiều Dài Tay Áo: Dài Tay\r\nYếu Tố Phổ Biến: Màu Tinh Khiết, Khâu\r\nVải/Chất Liệu: Khác/Polyester (Sợi Polyester)\r\nHàm Lượng Thành Phần: 71% (Bao Gồm)-80% (Bao Gồm)\r\n☀️một Số Mặt Hàng Đặt Trước Có Hàng Sau 7 Ngày Đến 15 Ngày \r\n🔹 Quy Định Đổi Trả Hàng\r\n🔹 ♥️ Sản Phẩm Bị Lỗi Do Shop: Shop Có Trách Nhiệm 1 Đổi 1 Trong Vòng 03 Ngày Kể Từ Ngày Khách Nhận Được Hàng ( Sản Phẩm Còn Nguyên Tem Giá & Nhãn Mác ) ♥️ Chưa Qua Sử Dụng Giặt Ủi & Chỉnh Sửa. ♥️ Hãy Liên Hệ Với Shop Qua Mục Chat Trên Shopee Để Được Hướng Dẫn Về Phương Thức Đổi Hàng Và Xác Nhận Trường Hợp Đủ Điều Kiện Theo Chính Sách.', 'BST\\ao8.jpg\"', 5);

--
-- Chỉ mục cho các bảng đã đổ
--

--
-- Chỉ mục cho bảng `bosuutap`
--
ALTER TABLE `bosuutap`
  ADD PRIMARY KEY (`id_bosuutap`);

--
-- Chỉ mục cho bảng `giohang`
--
ALTER TABLE `giohang`
  ADD PRIMARY KEY (`id_giohang`);

--
-- Chỉ mục cho bảng `sanpham`
--
ALTER TABLE `sanpham`
  ADD PRIMARY KEY (`id_sanpham`);

--
-- Chỉ mục cho bảng `shop`
--
ALTER TABLE `shop`
  ADD PRIMARY KEY (`id_sanpham`),
  ADD KEY `id_bosuutap` (`id_bosuutap`);

--
-- AUTO_INCREMENT cho các bảng đã đổ
--

--
-- AUTO_INCREMENT cho bảng `bosuutap`
--
ALTER TABLE `bosuutap`
  MODIFY `id_bosuutap` int(11) NOT NULL AUTO_INCREMENT, AUTO_INCREMENT=6;

--
-- AUTO_INCREMENT cho bảng `giohang`
--
ALTER TABLE `giohang`
  MODIFY `id_giohang` int(11) NOT NULL AUTO_INCREMENT, AUTO_INCREMENT=9;

--
-- AUTO_INCREMENT cho bảng `sanpham`
--
ALTER TABLE `sanpham`
  MODIFY `id_sanpham` int(11) NOT NULL AUTO_INCREMENT, AUTO_INCREMENT=12;

--
-- AUTO_INCREMENT cho bảng `shop`
--
ALTER TABLE `shop`
  MODIFY `id_sanpham` int(11) NOT NULL AUTO_INCREMENT, AUTO_INCREMENT=66;

--
-- Các ràng buộc cho các bảng đã đổ
--

--
-- Các ràng buộc cho bảng `shop`
--
ALTER TABLE `shop`
  ADD CONSTRAINT `shop_ibfk_1` FOREIGN KEY (`id_bosuutap`) REFERENCES `bosuutap` (`id_bosuutap`) ON DELETE CASCADE,
  ADD CONSTRAINT `shop_ibfk_2` FOREIGN KEY (`id_bosuutap`) REFERENCES `bosuutap` (`id_bosuutap`) ON DELETE CASCADE;
COMMIT;

/*!40101 SET CHARACTER_SET_CLIENT=@OLD_CHARACTER_SET_CLIENT */;
/*!40101 SET CHARACTER_SET_RESULTS=@OLD_CHARACTER_SET_RESULTS */;
/*!40101 SET COLLATION_CONNECTION=@OLD_COLLATION_CONNECTION */;
